,timestamp,likes,retweets,source,length,tweet
0,2018-10-28 02:30:22,1,0,Twitter Web Client,253,"So, for my data mining class at @calpolypomona I'm learning twitter data analysis. 
That home run by Puig happened at exactly 7:12:37 PM and generated 
1,535 tweets in the first 60 seconds. 
#python #tweepy #DataScience  #WorldSeries PUIG YOUR FRIEND!!!"
1,2018-10-28 02:27:32,0,2,Twitter for iPhone,140,RT @WVHS_Counselors: Mr. Windmiller chaperoned @WestValleyBARR freshmen today @calpolypomona to learn about the numerous AG degree pathways‚Ä¶
2,2018-10-27 22:19:12,0,0,Twitter Web Client,277,Review of LA Social Cafe https://t.co/XiD6nZny7H #PlazaWestCovina #Altadena #Pasadena #Alhambra #Rosemead #Arcadia #ElMonte #Monrovia #BaldwinPark #CityofIndustry #Whittier #HaciendaHeights #RowlandHeights #Azusa #Covina #Walnut #Glendora #MtSAC #calpolypomona #CVHPHEALTH #nba
3,2018-10-27 22:18:46,0,0,Twitter Web Client,277,Review of LA Social Cafe https://t.co/iQQWSsIFsc #PlazaWestCovina #Altadena #Pasadena #Alhambra #Rosemead #Arcadia #ElMonte #Monrovia #BaldwinPark #CityofIndustry #Whittier #HaciendaHeights #RowlandHeights #Azusa #Covina #Walnut #Glendora #MtSAC #calpolypomona #CVHPHEALTH #nba
4,2018-10-27 22:12:50,1,0,Twitter Web Client,280,Review of LA Social Cafe on https://t.co/bXAuuBkL9g #PlazaWestCovina #Altadena #Pasadena #Alhambra #Rosemead #Arcadia #ElMonte #Monrovia #BaldwinPark #CityofIndustry #Whittier #HaciendaHeights #RowlandHeights #Azusa #Covina #Walnut #Glendora #MtSAC #calpolypomona #CVHPHEALTH #nba
5,2018-10-27 20:16:10,0,2,Twitter for iPhone,139,"RT @ChrisAsa1: Tonight is Senior Night and Rosie‚Äôs last game! Talk about #LeaveYourLegacy! @CPPVB plays like they love, trust, and believe‚Ä¶"
6,2018-10-27 20:10:55,0,1,TweetDeck,140,"RT @gardenersnotebk: Do you have an existing water feature you can highlight instead of just deal with? 

New drought-tolerant native garde‚Ä¶"
7,2018-10-27 20:10:49,0,1,TweetDeck,301,"Do you have an existing water feature you can highlight instead of just deal with? 

New drought-tolerant native garden with swale at Cal Poly Pomona 

https://t.co/zqFR4kxln7

#garden #gardening #landscape #Design #nature #College #Campus #CalPolyPomona #NativePlants #Natives https://t.co/4Oj9cD35M5"
8,2018-10-27 18:00:25,0,10,Twitter for iPhone,140,"RT @calpolypomona: Coach Rosie Wegrich is retiring after 27 years as head coach of the @cppbroncos volleyball team. üèê üêé 

Don‚Äôt miss her la‚Ä¶"
9,2018-10-27 17:48:00,0,10,Twitter for iPhone,140,"RT @calpolypomona: Coach Rosie Wegrich is retiring after 27 years as head coach of the @cppbroncos volleyball team. üèê üêé 

Don‚Äôt miss her la‚Ä¶"
10,2018-10-27 17:10:44,0,2,Twitter for iPhone,139,"RT @ChrisAsa1: Tonight is Senior Night and Rosie‚Äôs last game! Talk about #LeaveYourLegacy! @CPPVB plays like they love, trust, and believe‚Ä¶"
11,2018-10-27 17:03:45,6,2,Twitter for iPhone,258,"Tonight is Senior Night and Rosie‚Äôs last game! Talk about #LeaveYourLegacy! @CPPVB plays like they love, trust, and believe in each other and their coaches. Let‚Äôs send this group of talented people out in style! 7pm tonight. Be there! https://t.co/0xyZQ5ghQe"
12,2018-10-27 15:04:24,0,168,Twitter for iPhone,139,"RT @cpp_pd: .@calpolypomona A vigililant  staff member reported a sighting of a ‚Äútele-tubby like creature‚Äù in a parking lot on Fri, May 18‚Ä¶"
13,2018-10-27 14:42:38,0,10,Twitter for iPhone,140,"RT @calpolypomona: Coach Rosie Wegrich is retiring after 27 years as head coach of the @cppbroncos volleyball team. üèê üêé 

Don‚Äôt miss her la‚Ä¶"
14,2018-10-27 13:16:18,1,0,Twitter Lite,294,@BYDCompany @calpolypomona @WTSLosAngeles Congratulations to Esther! And hats-off to BYD for promoting #WomenInTransport. Looking forward to driving franchise opportunties for women using electric cabs with you in South Africa! @BYDCompany @bhelekazi_86 @womeninmobility https://t.co/UnbHW0aVi3
15,2018-10-27 12:35:22,0,1,Twitter for Android,140,"RT @McDonalds: @SocialQueenDar @calpolypomona Hello, @SocialQueenDar! We see that you're excited about Halloween and would like we'd like t‚Ä¶"
16,2018-10-27 06:36:56,0,10,Twitter for iPhone,140,"RT @calpolypomona: Coach Rosie Wegrich is retiring after 27 years as head coach of the @cppbroncos volleyball team. üèê üêé 

Don‚Äôt miss her la‚Ä¶"
17,2018-10-27 05:20:18,0,1,Twitter for iPhone,140,"RT @ASICPP: Pull out your calendars, because the Campus Movie Fest Premiere is coming up fast! The premiere is on Nov. 16 from 8-9:30 p.m a‚Ä¶"
18,2018-10-27 05:11:05,0,5,Twitter for iPhone,140,"RT @SenatorLeyva: Had a great time at my Annual Fall Open House. Thank you to everyone that attended. Special thanks to @calpolypomona, @Fa‚Ä¶"
19,2018-10-27 05:03:20,0,2,Twitter for iPhone,140,RT @WVHS_Counselors: Mr. Windmiller chaperoned @WestValleyBARR freshmen today @calpolypomona to learn about the numerous AG degree pathways‚Ä¶
20,2018-10-27 05:02:50,2,0,Twitter for iPhone,109,Such a great experience @PedroANoguera @calpolypomona #proud2bePUSD #deckermakeswaves https://t.co/LGYGnUuAW5
21,2018-10-27 04:41:23,0,0,Twitter for iPhone,97,.@sustainableBU check this out - at @calpolypomona - fossil-free brewing! https://t.co/DjyoQnc8RF
22,2018-10-27 04:20:41,0,5,Twitter for iPhone,140,"RT @SenatorLeyva: Had a great time at my Annual Fall Open House. Thank you to everyone that attended. Special thanks to @calpolypomona, @Fa‚Ä¶"
23,2018-10-27 04:16:23,0,5,Twitter for Android,140,"RT @SenatorLeyva: Had a great time at my Annual Fall Open House. Thank you to everyone that attended. Special thanks to @calpolypomona, @Fa‚Ä¶"
24,2018-10-27 04:09:12,0,3,Twitter Web Client,139,RT @COArchitectsLA: We are excited to see the progress on the @calpolypomona Student Services Building ‚Äì on track to open in January 2019.‚Ä¶
25,2018-10-27 03:55:36,0,0,Twitter for iPhone,157,@SenatorLeyva @calpolypomona @Fairplex @CityofChinoGov Hey! Did you get my tweets about how @Omnitrans is negligently promoting violence in my neighborhood??
26,2018-10-27 03:53:24,0,5,Twitter for iPhone,140,"RT @SenatorLeyva: Had a great time at my Annual Fall Open House. Thank you to everyone that attended. Special thanks to @calpolypomona, @Fa‚Ä¶"
27,2018-10-27 03:40:02,0,2,Twitter for iPhone,139,RT @OntMontPS: Thank you SO much to everyone who came to our workshop tonight! We could not have done it without you. We greatly and truly‚Ä¶
28,2018-10-27 03:39:36,0,5,Open House RT,140,"RT @SenatorLeyva: Had a great time at my Annual Fall Open House. Thank you to everyone that attended. Special thanks to @calpolypomona, @Fa‚Ä¶"
29,2018-10-27 03:36:47,13,5,Twitter for Android,232,"Had a great time at my Annual Fall Open House. Thank you to everyone that attended. Special thanks to @calpolypomona, @Fairplex, @CityofChinoGov and #ChinoValleyProfessionalFirefighters for your support #SD20 https://t.co/p8mLRRRlAz"
30,2018-10-27 03:22:10,1,0,Twitter Web Client,135,"I just got a letter from @calpolypomona saying I have a $85 overdue on my account... i DON'T EVEN GO THERE.
LKFJDBGOIAUD wha the fuck üôÉ"
31,2018-10-27 01:47:31,3,0,Twitter for iPhone,55,@calpolypomona @cppbroncos @CPPVB Rosie is a class act!
32,2018-10-27 01:30:52,1,0,Facebook,231,"#tbt to National Red Wine Day! If you didn‚Äôt know, Horsehill Wine is a product of @calpolypomona and available for sale @rkr_cpp #thecollinscollege #gourmet #redwine #zinfandel #redzin #lovetodrink @ The Restaurant at Kellogg Ranch"
33,2018-10-27 01:28:54,0,0,Instagram,209,Annual @cbacpp #Halloween party! What awesome costumes!!!! üéÉ‚ò†Ô∏èüíÄüëª@calpolypomona #halloweencostume #college #calpolypomona #imready #collegeofbusinessadministration @ College of Business‚Ä¶ https://t.co/cpgPkq4yUl
34,2018-10-27 01:28:36,0,10,Twitter Lite,140,"RT @calpolypomona: Coach Rosie Wegrich is retiring after 27 years as head coach of the @cppbroncos volleyball team. üèê üêé 

Don‚Äôt miss her la‚Ä¶"
35,2018-10-27 00:56:00,1,0,Facebook,278,Ready to rock n‚Äô roll through their last day of #managementweek @rkr_cpp #peace #lovetocook #photography #thecollinscollege #calpolypomona #freshfood #chefschool #california #restaurantlife #studentchefs #duces #foodie #foodgram #famous #rkrcpp @ The Restaurant at Kellogg Ranch
36,2018-10-27 00:53:08,1,0,Twitter Web Client,310,Tony Brown &amp; Mitch Moore saw a familiar face today at the @calpolypomona campus. #HOLAalumni Isaac is a senior studying Landscape Architecture &amp; Environmental Design. He heard about the collaborative work by fellow students in imagining an entry way for our iconic new building. https://t.co/JGtk3avvff
37,2018-10-27 00:41:44,0,10,Twitter for iPhone,140,"RT @calpolypomona: Coach Rosie Wegrich is retiring after 27 years as head coach of the @cppbroncos volleyball team. üèê üêé 

Don‚Äôt miss her la‚Ä¶"
38,2018-10-27 00:11:04,0,10,Twitter for iPhone,140,"RT @calpolypomona: Coach Rosie Wegrich is retiring after 27 years as head coach of the @cppbroncos volleyball team. üèê üêé 

Don‚Äôt miss her la‚Ä¶"
39,2018-10-27 00:10:05,0,10,Twitter for iPhone,140,"RT @calpolypomona: Coach Rosie Wegrich is retiring after 27 years as head coach of the @cppbroncos volleyball team. üèê üêé 

Don‚Äôt miss her la‚Ä¶"
40,2018-10-27 00:08:04,3,0,Twitter for iPhone,50,@calpolypomona @cppbroncos @CPPVB One of the best!
41,2018-10-26 23:56:27,3,0,Twitter for iPhone,191,Congrats to Coach Wegrich on 27 years at @cppbroncos + 17 years in DI (@GopherSports &amp; @AZATHLETICS). What an amazing legacy of leadership...‚ÄºÔ∏è #GoCCAA #CSUsuccess https://t.co/Enn4dYC57L
42,2018-10-26 23:35:08,0,10,Twitter for iPhone,140,"RT @calpolypomona: Coach Rosie Wegrich is retiring after 27 years as head coach of the @cppbroncos volleyball team. üèê üêé 

Don‚Äôt miss her la‚Ä¶"
43,2018-10-26 23:33:24,50,10,Twitter Web Client,262,"Coach Rosie Wegrich is retiring after 27 years as head coach of the @cppbroncos volleyball team. üèê üêé 

Don‚Äôt miss her last home games tonight and tomorrow at 7 p.m. in the Kellogg Arena. @CPPVB 

More details here: https://t.co/dEDl9DQUe6 https://t.co/ohi4GfnnWZ"
44,2018-10-26 23:03:05,6,2,Twitter for iPhone,176,Mr. Windmiller chaperoned @WestValleyBARR freshmen today @calpolypomona to learn about the numerous AG degree pathways! #Husdpremier #collegecareerready https://t.co/EkM84V5iky
45,2018-10-26 22:30:02,2,0,Twitter for iPhone,235,@CPPAdaptedPE @ThePolyPost @calpolypomona Go get them you guys! Who knows some of them might do biomechanical research someday to improve equipment and training for athletes! Or have students in their classes who require mobility aids.
46,2018-10-26 20:36:41,3,0,Instagram,210,Pumped to be providing future #kinesiologist with a wide array of #disability #knowledge. cpp_kinesiology @thepolypost @calpolypomona cpp_drc #wheelchair #adaptedsports #adaptiveathlete‚Ä¶ https://t.co/fwOozMVYTq
47,2018-10-26 20:29:12,0,31,Twitter Web Client,140,RT @calpolypomona: CPP is ranked No. 3 in the nation among the universities that help low income students find financial success after grad‚Ä¶
48,2018-10-26 19:55:13,0,31,Twitter for iPhone,140,RT @calpolypomona: CPP is ranked No. 3 in the nation among the universities that help low income students find financial success after grad‚Ä¶
49,2018-10-26 18:44:22,0,31,Twitter Web Client,140,RT @calpolypomona: CPP is ranked No. 3 in the nation among the universities that help low income students find financial success after grad‚Ä¶
50,2018-10-26 18:30:23,2,0,Twitter for Android,132,Join @cppceiscouncil for free ICE CREAMüç®on TUESDAY! üéÉ #icecreamsocial #Halloween #mixer #CEIS #calpolypomona https://t.co/2jycBshqWs
51,2018-10-26 17:31:49,0,0,Facebook,147,"OUR NEW ZIP-UP HOODIES ARE IN~
Just in time for sweater weather!
#newmerch #calpolypomona #brewerymerch #sosoft #ibrewworks https://t.co/C6TumHEHjf"
52,2018-10-26 17:11:01,1,1,Twitter Web Client,223,"@SocialQueenDar @calpolypomona Hello, @SocialQueenDar! We see that you're excited about Halloween and would like we'd like to send a spooktacular surprise your way to celebrate it. Send us a direct message for more details."
53,2018-10-26 17:07:44,0,31,Twitter Web Client,140,RT @calpolypomona: CPP is ranked No. 3 in the nation among the universities that help low income students find financial success after grad‚Ä¶
54,2018-10-26 17:07:42,5,0,Twitter Web Client,237,"Happy #NationalPumpkinDay üéÉ ! Have you picked out a pumpkin from the CPP Pumpkin Patch yet? @CPPAgri @CPPAgriscapes

Check out what's happening on the LAST weekend of the Pumpkin Fest here: https://t.co/HIuNBrRQi4 https://t.co/5Gw9SCQ9OA"
55,2018-10-26 16:56:02,0,10,Twitter Web Client,112,RT @cppwbb: Bronco Madness!!!!  Your 2018-2019 Cal Poly Pomona BroncosüèÄüèÜ#LeaveYourLegacy https://t.co/XufX071psA
56,2018-10-26 16:46:07,0,0,Twitter Web Client,258,Hey @calpolypomona! Kittelson will be visiting your school on Oct 30 and presenting to @ITECPP and @WTSCPP. We're excited to meet students and talk about careers in transportation! Interested students can sign up here: https://t.co/zkstz5kbYV @cppengineering
57,2018-10-26 16:30:56,0,18,Twitter for iPad,140,"RT @calpolypomona: Cal Poly Pomona is a national leader in awarding bachelor degrees to minority students in Architecture @cppenv, Hospital‚Ä¶"
58,2018-10-26 16:25:22,0,31,Twitter for iPhone,140,RT @calpolypomona: CPP is ranked No. 3 in the nation among the universities that help low income students find financial success after grad‚Ä¶
59,2018-10-26 15:49:03,0,31,TweetCaster for Android,140,RT @calpolypomona: CPP is ranked No. 3 in the nation among the universities that help low income students find financial success after grad‚Ä¶
60,2018-10-26 15:43:08,0,4,Twitter Web Client,140,"RT @CPPAgriscapes: Boo! Did I scare you? ü¶á
I wanted to let you know that we will have trick-or-treating this Saturday, October 27th! Stop b‚Ä¶"
61,2018-10-26 14:54:54,1,0,Instagram,213,Set and ready to go for #assessment of fundamental #motorskills with the #TGMD #CalPoly #calpolypomona #cpp #adaptedpe #physicaleducation #adaptedphysicaleducation #adaptedphysicalactivity‚Ä¶ https://t.co/ahL1syanLr
62,2018-10-26 14:48:27,0,31,Twitter for Android,140,RT @calpolypomona: CPP is ranked No. 3 in the nation among the universities that help low income students find financial success after grad‚Ä¶
63,2018-10-26 14:34:37,0,2,Twitter Web Client,139,RT @OntMontPS: Thank you SO much to everyone who came to our workshop tonight! We could not have done it without you. We greatly and truly‚Ä¶
64,2018-10-26 08:41:20,0,20,Twitter for iPhone,114,"RT @calpolypomona: Pancho says ""meh"" to Mondays üòë  Hope you survived your Monday, Broncos! https://t.co/LgfCJjP0vd"
65,2018-10-26 08:35:27,0,18,Twitter for iPhone,140,"RT @calpolypomona: Cal Poly Pomona is a national leader in awarding bachelor degrees to minority students in Architecture @cppenv, Hospital‚Ä¶"
66,2018-10-26 08:34:39,0,31,Twitter for iPhone,140,RT @calpolypomona: CPP is ranked No. 3 in the nation among the universities that help low income students find financial success after grad‚Ä¶
67,2018-10-26 07:04:10,0,0,Twitter for iPhone,72,@SuperDuperJefff @calpolypomona Off all the tweets to tag em under ü§¶üèΩ‚Äç‚ôÇÔ∏è
68,2018-10-26 07:03:38,0,0,Twitter for iPhone,70,@phantomforlife @calpolypomona is there a podcast due for Denny tmr???
69,2018-10-26 06:56:19,3,0,Twitter for Android,46,@calpolypomona Ohh that's very good to hear XD
70,2018-10-26 06:32:38,0,31,Twitter for Android,140,RT @calpolypomona: CPP is ranked No. 3 in the nation among the universities that help low income students find financial success after grad‚Ä¶
71,2018-10-26 06:05:47,0,31,Twitter for Android,140,RT @calpolypomona: CPP is ranked No. 3 in the nation among the universities that help low income students find financial success after grad‚Ä¶
72,2018-10-26 05:33:36,0,31,Twitter for iPhone,140,RT @calpolypomona: CPP is ranked No. 3 in the nation among the universities that help low income students find financial success after grad‚Ä¶
73,2018-10-26 05:01:43,0,0,Twitter for iPhone,130,Love this teacher collaboration @OfficialNGSS @calpolypomona #RESPECTgrant #proud2bePUSD #deckermakeswaves https://t.co/2cllQcb5D9
74,2018-10-26 04:57:52,6,2,Twitter for Android,301,Thank you SO much to everyone who came to our workshop tonight! We could not have done it without you. We greatly and truly appreciate your time and work supporting our students!  @ChaffeyHSTigers @ULaVerne  @chaffeycollege @IE_Cash4College @calpolypomona @OMSD_omsd @CSUSBNews https://t.co/ShnpSx8I9N
75,2018-10-26 04:54:31,0,31,Twitter Lite,140,RT @calpolypomona: CPP is ranked No. 3 in the nation among the universities that help low income students find financial success after grad‚Ä¶
76,2018-10-26 04:45:29,1,0,Twitter Lite,173,"Big thx to @MendocinoFarms for the Ggl Hangout w/my @calpolypomona consumer behavior class! Love Mendo, even closer now w/new #Pasadena store. #teaching #marketing #highered"
77,2018-10-26 04:06:24,0,31,Twitter for iPhone,140,RT @calpolypomona: CPP is ranked No. 3 in the nation among the universities that help low income students find financial success after grad‚Ä¶
78,2018-10-26 04:01:27,0,0,Twitter Web Client,48,@TwitterU @calpolypomona @Hummmmmbaby Thank You!
79,2018-10-26 04:01:14,7,0,Twitter for iPhone,64,Yeah but you‚Äôll also be here for 7 years https://t.co/fk1LFScVEv
80,2018-10-26 03:58:09,0,31,Twitter for iPhone,140,RT @calpolypomona: CPP is ranked No. 3 in the nation among the universities that help low income students find financial success after grad‚Ä¶
81,2018-10-26 03:39:40,0,31,Twitter for Android,140,RT @calpolypomona: CPP is ranked No. 3 in the nation among the universities that help low income students find financial success after grad‚Ä¶
82,2018-10-26 03:29:34,0,31,Twitter for iPhone,140,RT @calpolypomona: CPP is ranked No. 3 in the nation among the universities that help low income students find financial success after grad‚Ä¶
83,2018-10-26 03:08:39,3,0,Twitter for iPhone,155,@wbishop_3 @ChrisAsa1 @cppwbb @CPPMBB @calpolypomona @ASICPP No live stream. Can‚Äôt let our opponents know who our best dunker is going to be this season...
84,2018-10-26 03:07:46,0,18,Twitter for iPhone,140,"RT @calpolypomona: Cal Poly Pomona is a national leader in awarding bachelor degrees to minority students in Architecture @cppenv, Hospital‚Ä¶"
85,2018-10-26 03:06:54,1,0,Twitter for iPhone,83,@ChrisAsa1 @cppbroncos @cppwbb @CPPMBB @calpolypomona @ASICPP Are you streaming it?
86,2018-10-26 02:59:27,1,0,Twitter for iPhone,202,@cppbroncos students. This is an all-call to make sure you‚Äôre at Kellogg Arena at 9 tonight for @cppwbb and @CPPMBB Bronco Madness. 3 point and dunk contests! #LeaveYourLegacy CC: @calpolypomona @ASICPP
87,2018-10-26 02:46:49,0,3,Twitter for iPhone,139,RT @COArchitectsLA: We are excited to see the progress on the @calpolypomona Student Services Building ‚Äì on track to open in January 2019.‚Ä¶
88,2018-10-26 02:22:03,0,31,TweetDeck,140,RT @calpolypomona: CPP is ranked No. 3 in the nation among the universities that help low income students find financial success after grad‚Ä¶
89,2018-10-26 02:22:00,0,31,TweetDeck,140,RT @calpolypomona: CPP is ranked No. 3 in the nation among the universities that help low income students find financial success after grad‚Ä¶
90,2018-10-26 01:50:19,0,31,Twitter for iPhone,140,RT @calpolypomona: CPP is ranked No. 3 in the nation among the universities that help low income students find financial success after grad‚Ä¶
91,2018-10-26 01:49:22,0,31,Twitter for iPhone,140,RT @calpolypomona: CPP is ranked No. 3 in the nation among the universities that help low income students find financial success after grad‚Ä¶
92,2018-10-26 01:45:03,6,0,Twitter for iPhone,63,Proud to serve @calstate @calpolypomona https://t.co/ECTcgQTT0c
93,2018-10-26 01:30:01,0,1,Twitter for Android,144,RT @WSC_SoCal: What a great Cybersecurity &amp; Awareness event by @cppcyberfair Met lots of future cyberninjas! #calpolypomona #womenincyber #‚Ä¶
94,2018-10-26 01:28:45,6,1,Twitter for Android,157,What a great Cybersecurity &amp; Awareness event by @cppcyberfair Met lots of future cyberninjas! #calpolypomona #womenincyber #socal https://t.co/AUimC6ZBFI
95,2018-10-26 01:10:10,0,31,Twitter for iPhone,140,RT @calpolypomona: CPP is ranked No. 3 in the nation among the universities that help low income students find financial success after grad‚Ä¶
96,2018-10-26 00:48:29,0,31,Twitter for iPhone,140,RT @calpolypomona: CPP is ranked No. 3 in the nation among the universities that help low income students find financial success after grad‚Ä¶
97,2018-10-26 00:47:22,0,31,Twitter for iPhone,140,RT @calpolypomona: CPP is ranked No. 3 in the nation among the universities that help low income students find financial success after grad‚Ä¶
98,2018-10-26 00:32:41,4,0,Twitter Web Client,176,Was honored to hear the talented @SyCStokes performing today in the @CPP_BSC @calpolypomona. Thanks to the @AASC_CPP A full house!!!! Phenomenal.#cppews https://t.co/oTUl6WQrqC
99,2018-10-26 00:27:55,0,31,Twitter for iPhone,140,RT @calpolypomona: CPP is ranked No. 3 in the nation among the universities that help low income students find financial success after grad‚Ä¶
100,2018-10-26 00:02:48,0,0,Facebook,254,Great day @rkr_cpp for these two during their #managementweek #proud#students #leaders #smile #goodjob #hardwork #motivation #determination #learnbydoing #thecollinscollege #calpolypomona #foodie #foodgram #reblog #insta @ The Restaurant at Kellogg Ranch
101,2018-10-25 23:44:55,0,26,Twitter for iPhone,140,"RT @calstate: 14 CSUs are among @ThePrincetonRev's ""Green Colleges"" for sustainability efforts: @csuci, @ChicoState, @csuf, @humboldtstate,‚Ä¶"
102,2018-10-25 23:40:01,0,0,Hootsuite Inc.,233,"@Superman63111 Hi Jesus! The Cesar E. Chavez Center on campus would be happy to talk with you. Contact them at CesarEChazezCtr@cpp.edu or visit them at the center located in building 95, room L100 (near the career center). Good luck!"
103,2018-10-25 23:35:52,0,31,Twitter Web Client,140,RT @calpolypomona: CPP is ranked No. 3 in the nation among the universities that help low income students find financial success after grad‚Ä¶
104,2018-10-25 23:29:18,0,31,Hootsuite Inc.,140,RT @calpolypomona: CPP is ranked No. 3 in the nation among the universities that help low income students find financial success after grad‚Ä¶
105,2018-10-25 23:27:00,0,26,Twitter for iPhone,140,"RT @calstate: 14 CSUs are among @ThePrincetonRev's ""Green Colleges"" for sustainability efforts: @csuci, @ChicoState, @csuf, @humboldtstate,‚Ä¶"
106,2018-10-25 23:09:10,0,0,Twitter for iPhone,120,@calpolypomona do you guys have any resources on campus that could help me with building an ofrenda for day of the dead?
107,2018-10-25 23:00:32,0,1,Hootsuite Inc.,139,RT @SocialQueenDar: There‚Äôs so many pumpkins left at @calpolypomona‚Äôs pumpkin patch! They‚Äôre all going for $5 bucks. I found 4 really cool‚Ä¶
108,2018-10-25 22:55:13,0,31,Twitter for iPhone,140,RT @calpolypomona: CPP is ranked No. 3 in the nation among the universities that help low income students find financial success after grad‚Ä¶
109,2018-10-25 22:54:58,0,31,Twitter Web Client,140,RT @calpolypomona: CPP is ranked No. 3 in the nation among the universities that help low income students find financial success after grad‚Ä¶
110,2018-10-25 22:45:20,0,31,Twitter for iPhone,140,RT @calpolypomona: CPP is ranked No. 3 in the nation among the universities that help low income students find financial success after grad‚Ä¶
111,2018-10-25 22:43:11,0,31,Twitter for iPhone,140,RT @calpolypomona: CPP is ranked No. 3 in the nation among the universities that help low income students find financial success after grad‚Ä¶
112,2018-10-25 22:38:42,87,31,Twitter Web Client,239,"CPP is ranked No. 3 in the nation among the universities that help low income students find financial success after graduation, according to the 2018 Social Mobility Index. 

Read more here:  https://t.co/GXeg2PsNzq https://t.co/JVG4bo9jez"
113,2018-10-25 21:51:16,0,10,Twitter for iPhone,140,"RT @calpolypomona: Do you need vaccines or pampering for your pet? üê∂ üê± Come to the @CPPAgri Poly Pet Spa Day next Sat, Nov. 3 from 9 a.m. t‚Ä¶"
114,2018-10-25 21:05:26,2,1,Instagram,207,There‚Äôs so many pumpkins left at @calpolypomona‚Äôs pumpkin patch! They‚Äôre all going for $5 bucks. I found 4 really cool looking ones I‚Äôm excited to carve with my kids. Got any pumpkin‚Ä¶ https://t.co/ixmVjgJqAu
115,2018-10-25 20:43:11,7,0,Twitter for iPhone,69,Only took me 50 minutes to find parking @calpolypomona!! Record time.
116,2018-10-25 20:19:28,0,3,Twitter Web Client,139,RT @COArchitectsLA: We are excited to see the progress on the @calpolypomona Student Services Building ‚Äì on track to open in January 2019.‚Ä¶
117,2018-10-25 20:19:05,4,3,CoSchedule,175,We are excited to see the progress on the @calpolypomona Student Services Building ‚Äì on track to open in January 2019. Read @ThePolyPost to learn more! https://t.co/dq5klPJmUp
118,2018-10-25 20:08:02,0,0,TweetDeck,151,@ddog1999 @calpolypomona Hey! We're really sorry that you're frustrated with registration. We can help you troubleshoot and strategize -- send us a DM.
119,2018-10-25 19:47:51,0,0,Twitter for iPad,29,@waltsprd @calpolypomona Same
120,2018-10-25 18:40:09,0,3,Twitter for iPhone,140,RT @calpolypomona: CPP Architecture @cppenv and @cppengineering students designed a functional prototype inspired by the ‚Äòroly poly‚Äô bug ca‚Ä¶
121,2018-10-25 18:37:56,0,7,Twitter for iPhone,139,"RT @calstate: ""One team. One goal. Student success.""
That's the mantra for Dr. Soraya Coley, @calpolypomona's first woman African-American‚Ä¶"
122,2018-10-25 17:17:57,2,0,Twitter for iPhone,280,"ARO 1021L, PHY 1510 and 1510L, all core classes, and even more GE courses all filled up days before my registration date. How are staggered registration dates even fair to half to students??? Does @calpolypomona not thinks it's fucked up if half the students can't get a class?!?!"
123,2018-10-25 17:13:22,3,0,Twitter for iPhone,168,Late registration periods can go fuck themselves. Classes with more sections of lecture than the required lab can go fuck themselves. @calpolypomona can go fuck itself.
124,2018-10-25 16:24:08,0,0,Twitter for iPhone,144,And we‚Äôre off at Southern California‚Äôs 30th Annual Visitor Industry Outlook Conference! #CBREHotels #CBRE #CalPolyPomona https://t.co/j0DYMLyyiW
125,2018-10-25 16:17:21,0,0,Twitter Web Client,181,We love hearing about CPP students on their international experiences! So glad to be part of a campus that welcomes diversity! #cppstudyabroad #calpolypomona https://t.co/rYrGPF1KFW
126,2018-10-25 16:15:31,0,18,Twitter Web Client,140,"RT @calpolypomona: Cal Poly Pomona is a national leader in awarding bachelor degrees to minority students in Architecture @cppenv, Hospital‚Ä¶"
127,2018-10-25 16:08:48,0,2,Twitter Web Client,140,RT @calpolypomona: . @cppenv Architecture student Stephanie Contreras studied in Japan and China this summer through @CPPStudyAbroad! She s‚Ä¶
128,2018-10-25 15:54:51,10,2,Twitter Web Client,238,. @cppenv Architecture student Stephanie Contreras studied in Japan and China this summer through @CPPStudyAbroad! She shared these incredible pictures with us. Where you would want to travel for #CPPStudyAbroad? üåç https://t.co/NNePxpSXfT
129,2018-10-25 14:43:36,2,0,Twitter for iPhone,139,"Hey, where did @calpolypomona go? Lol. Lots of fog this cool, fall morning!! #college #calpolypomona #fog #personal https://t.co/4gCZjTsvjq"
130,2018-10-25 05:19:25,0,0,Twitter Web Client,69,@calpolypomona @cppenv @CBACPP @cppengineering @CPPAgri agriculture/@
131,2018-10-25 04:35:30,0,20,Twitter for iPhone,114,"RT @calpolypomona: Pancho says ""meh"" to Mondays üòë  Hope you survived your Monday, Broncos! https://t.co/LgfCJjP0vd"
132,2018-10-25 01:32:59,0,10,Twitter for Android,140,"RT @calpolypomona: Students commuting to our campus will no longer be delayed by a train in Pomona's busiest intersection!

Thanks to @grac‚Ä¶"
133,2018-10-25 01:23:00,0,18,Twitter for Android,140,"RT @calpolypomona: Cal Poly Pomona is a national leader in awarding bachelor degrees to minority students in Architecture @cppenv, Hospital‚Ä¶"
134,2018-10-25 01:00:30,0,18,Twitter for iPhone,140,"RT @calpolypomona: Cal Poly Pomona is a national leader in awarding bachelor degrees to minority students in Architecture @cppenv, Hospital‚Ä¶"
135,2018-10-25 00:54:01,0,3,Twitter for iPhone,140,RT @calpolypomona: .@cppenv graphic design student Carlos Aceytuno submitted the winning design for the 2019 @CPRoseFloat ‚ÄúFar Out Frequenc‚Ä¶
136,2018-10-25 00:39:37,2,0,Twitter for Android,161,"@ClassCpp co-sponsored LA Escena, the first Hispanic Classical Theather festival of LA. @LAEscenaLA @calpolypomona Read more #Thepolypost https://t.co/tFiPzHD5ln"
137,2018-10-25 00:31:23,0,1,Twitter for iPhone,138,RT @cmorgeta: Beautiful blooms for my beautiful coworkers! Thanks @CalPolyRF at @calpolypomona ‚ò∫Ô∏èüíê #petalitforward https://t.co/GL5WytwI0b
138,2018-10-25 00:29:55,2,0,Twitter for Android,138,üëèüëè#Pomonavalleyreview interview with #Thepolypost @ClassCpp @calpolypomona featuring Ryan Leack and Amanda Riggle üëèhttps://t.co/vS6WrKJ8TN
139,2018-10-24 23:59:26,0,0,Hootsuite Inc.,212,@Losthope7777 Hi sorry for the late response. A great resource for enrollment questions is the CPP BAC https://t.co/kJNR4tZYaS while mental health counseling services can be found be here: https://t.co/FRzrkjQs4S
140,2018-10-24 23:52:51,1,0,Twitter Web Client,268,"@_PaigeRios We are currently working on culinary projects to enhance the Saddles and Fresh Escape concepts to include additional vegan and healthier options.

Please don't hesitate to send us a direct message on Instagram @CppDining for further questions you may have."
141,2018-10-24 23:52:29,1,0,Twitter Web Client,288,"@_PaigeRios Check out the following: 

‚Ä¢Poly Fresh (prominently vegan), and Pony Express 
‚Ä¢Vista Market (Has about 40 percent vegan-approved items from the Students for a Sustainable Future, A CPP Organization) 
‚Ä¢Los Olivos serves 8 daily vegan stations and host an annual Las Vegan event"
142,2018-10-24 23:51:44,1,0,Twitter Web Client,191,"@_PaigeRios Thank you for the question about our vegetarian, vegan and gluten free options on campus. We are currently in the process of creating strategies to further promote these products."
143,2018-10-24 23:51:16,1,0,Twitter Web Client,206,"@_PaigeRios Hi Paige. Saddles Cafe, Qdoba, Los Olivos, Subway, Hibachi San, the Vista Market, and more all have healthier options available. Contact @cppdining if you have any questions. Have a great night!"
144,2018-10-24 23:48:34,0,0,Twitter Web Client,104,"@Tweetering_ @PresColeyCPP @ASICPP Thanks again for your question, Alex. Have a good rest of your night."
145,2018-10-24 23:46:45,0,0,Twitter Web Client,98,@LoveDaniBoo If you have any questions for BEAT you can contact them at beat@cpp.edu.  @asicppbeat
146,2018-10-24 23:46:32,0,0,Twitter Web Client,252,"@LoveDaniBoo BEAT does often partner up with different clubs and organizations to put on programs and can provide assistance through those means. If you would like programming experience, you can apply for a position in BEAT at https://t.co/lEGKPTGRmY."
147,2018-10-24 23:46:16,0,0,Twitter Web Client,217,@LoveDaniBoo ASI BEAT is a programming body in ASI that puts on events for students to enjoy throughout the year. Its intention is not to provide financial assistance to anyone but rather to plan and implement events.
148,2018-10-24 23:44:39,0,0,Twitter Web Client,229,"@LoveDaniBoo CLASS students may want to schedule an appointment with David Craig, a Career Counselor, in the Career Center. David is liaison to CLASS. For additional information contact Tom Munnerlyn, director, @CPPCareerCenter ."
149,2018-10-24 23:44:08,0,0,Twitter Web Client,249,"@LoveDaniBoo Moreover, the Career Center is happy to partner with students and student groups to discuss the possibility of an entertainment Career Fair. There are a number of entertainment organizations that attend the fall and spring career fairs."
150,2018-10-24 23:43:42,0,0,Twitter Web Client,225,"@LoveDaniBoo The Education and Non-Profit Job Fair is on Feb. 28, 2019. This event is open to all students and attracts organizations such as the City of Los Angeles and other large cities and counties in Southern California."
151,2018-10-24 23:43:26,0,0,Twitter Web Client,180,"@LoveDaniBoo Additionally, the Career Center hosts several industry-focused fairs. While these are more targeted to certain career sectors, they are open to all students to attend."
152,2018-10-24 23:42:58,0,0,Twitter Web Client,291,"@LoveDaniBoo The Career Center hosts 8 major career fairs each year, including the Fall All Majors Career Fair and Spring Career Fair. These events attract a wide variety of organizations. The fall 2018 Career Fair had 125 organizations and the Spring Career Fair 2018 had 235 organizations."
153,2018-10-24 23:41:35,0,0,Twitter Web Client,267,"@LoveDaniBoo At each of these events, Music Industry Studies students were present and supported by the president. The music department and CLASS find President Coley to be an advocate for all music students and we are thrilled to have her support many of our events."
154,2018-10-24 23:40:56,0,0,Twitter Web Client,268,"@LoveDaniBoo For her Investiture, President Coley requested that a choir be a part of the ceremony. Recently, she engaged Professor Kopplin and members of the music department (both students and faculty) at Fall Conference in presenting the sequel to ‚ÄúSemester Blues.‚Äù"
155,2018-10-24 23:40:34,0,0,Twitter Web Client,232,"@LoveDaniBoo The band loved having the president as conductor and she engaged in a meaningful dialogue with band students and Professor Badua, who leads the band. Many of the students in the band are Music Industry Studies students."
156,2018-10-24 23:40:17,0,0,Twitter Web Client,273,"@LoveDaniBoo She regularly attends music‚Äôs events and concerts and in fact, has attended rehearsals for the Wind Ensemble and conducted the band in concert. This is an extraordinary feat for someone who is incredibly busy and, quite frankly, is not a professional musician."
157,2018-10-24 23:39:57,0,0,Twitter Web Client,284,"@LoveDaniBoo Upon coming to CPP, President Coley revealed that she had a strong interest in music. She met many students (performance, music industry and music education students) in her first months on campus, as she was introduced to the investment made for the Steinway Initiative."
158,2018-10-24 23:39:28,0,0,Twitter Web Client,271,"@LoveDaniBoo Regarding President Coley‚Äôs assistance to students in the Music Industry Studies program (It is not a Music Business program, but rather a Music Industry Studies program), please allow me to inform you about President Coley‚Äôs support of the music department."
159,2018-10-24 23:38:10,0,0,Twitter Web Client,304,"@Tweetering_ @PresColeyCPP @ASICPP We expanded the overflow lot by 300 spaces and increased the shuttles by 30 percent to that route. Working with the Master Plan Committee, we are examining the flow of traffic, future parking locations, and how it all connects and complements the new semester schedule."
160,2018-10-24 23:21:59,0,18,Twitter Web Client,140,"RT @calpolypomona: Cal Poly Pomona is a national leader in awarding bachelor degrees to minority students in Architecture @cppenv, Hospital‚Ä¶"
161,2018-10-24 23:21:11,0,3,Twitter Web Client,140,RT @calpolypomona: .@cppenv graphic design student Carlos Aceytuno submitted the winning design for the 2019 @CPRoseFloat ‚ÄúFar Out Frequenc‚Ä¶
162,2018-10-24 22:36:11,0,3,Twitter for iPhone,140,RT @calpolypomona: .@cppenv graphic design student Carlos Aceytuno submitted the winning design for the 2019 @CPRoseFloat ‚ÄúFar Out Frequenc‚Ä¶
163,2018-10-24 22:24:21,1,0,Twitter Web Client,269,"Client @COArchitectsLA was inspired by the nearby #SanGabrielMountains and foothills in designing the undulating, standing-seam aluminum roof of the @calpolypomona Student Services Building. Check out the #construction LIVE on @YouTube! 

Link: https://t.co/RWBC85dTej."
164,2018-10-24 22:00:23,3,0,Twitter Web Client,222,"Every Wednesday on our Instagram Story, we talk about three things @calpolypomona students need to know. This week, we talk about enrollment limits, the Learning Resource Center and staying healthy. https://t.co/woTnTUKXa4"
165,2018-10-24 21:33:28,0,0,Twitter Web Client,169,@ryneches @whereisdaz I had planned to take the CHEM glassblowing class at @calpolypomona ; it was still listed in the catalog but hadn't been taught in years. Boo hiss.
166,2018-10-24 20:20:17,29,3,Twitter Web Client,297,".@cppenv graphic design student Carlos Aceytuno submitted the winning design for the 2019 @CPRoseFloat ‚ÄúFar Out Frequencies.‚Äù üé∏üëΩ‚≠êÔ∏è

""I immediately thought of space and aliens, and this was further enhanced by the fact that I love science fiction."" 

https://t.co/CUP0oS5Tk4 https://t.co/BFThjINWUS"
167,2018-10-24 19:52:35,0,0,TweetDeck,199,@itony123_ @calpolypomona Hey! There's always the possibility that more sections will open -- reach out to the CE department to see what their plans are. DM us if you get stuck / have more questions.
168,2018-10-24 19:38:08,1,0,Twitter for iPhone,61,@calpolypomona can y‚Äôall please add another CE 1011L class? üò™
169,2018-10-24 19:34:21,0,1,Twitter Web Client,140,RT @calpolypomona: Are you safe online? üñ• Come to the @cppcyberfair on Oct. 25 to learn how to protect your online identity. Listen to pres‚Ä¶
170,2018-10-24 19:07:17,7,1,Twitter Lite,124,Beautiful blooms for my beautiful coworkers! Thanks @CalPolyRF at @calpolypomona ‚ò∫Ô∏èüíê #petalitforward https://t.co/GL5WytwI0b
171,2018-10-24 18:45:18,0,0,Twitter for iPad,255,Midfielder Leobardo Segundo shares his plans on reaching his career goal and that extra something the team needs to log more wins. #soccer #collegesports #athlete #MustangPride ‚öΩÔ∏è #menssoccer @ERHSOfficial  @calpolypomona #ERHSalum https://t.co/NeK4RUqeHr
172,2018-10-24 18:42:31,0,3,Twitter for iPhone,140,RT @calpolypomona: CPP Architecture @cppenv and @cppengineering students designed a functional prototype inspired by the ‚Äòroly poly‚Äô bug ca‚Ä¶
173,2018-10-24 18:26:28,0,0,Google,132,Cal Poly Pomona Makes Strong Progress on CSU‚Äôs Graduation Initiative https://t.co/SrnJ4rW96K #inlandempire #education #calpolypomona
174,2018-10-24 18:06:08,3,0,Twitter Web Client,94,ive seen this on campus and always wondered what it is that So Cool!!! https://t.co/zKNcRfqQVH
175,2018-10-24 18:04:00,6,1,Twitter for iPhone,226,Thank you @CalPolyPomona for the opportunity to guest lecture on #transparency in local government. Our largest investment should be in the next generation so that we can have a brighter future for all. https://t.co/MP7inUySzY
176,2018-10-24 17:58:23,0,3,Twitter for iPhone,140,RT @calpolypomona: CPP Architecture @cppenv and @cppengineering students designed a functional prototype inspired by the ‚Äòroly poly‚Äô bug ca‚Ä¶
177,2018-10-24 17:53:32,0,1,Twitter Web Client,140,RT @inlandempireus: Cal Poly Pomona Makes Strong Progress on CSU‚Äôs Graduation Initiative https://t.co/rBcME80B9n @calstate @calpolypomona h‚Ä¶
178,2018-10-24 17:29:31,8,1,HubSpot,141,Cal Poly Pomona Makes Strong Progress on CSU‚Äôs Graduation Initiative https://t.co/rBcME80B9n @calstate @calpolypomona https://t.co/NbOfKWDfX7
179,2018-10-24 17:23:39,1,0,Twitter Web Client,278,"hello everyone, publishing workshop is happening this Thursday.... Don't miss the opportunity to meet with editors from Pomona Valley Review, Stanford University Press, and Los Angeles Review of Books #calpolypomona #Harvestcpp #class #Pomonavalleyreview https://t.co/ybMYnc1taC"
180,2018-10-24 17:18:50,0,26,Twitter Web Client,140,"RT @calstate: 14 CSUs are among @ThePrincetonRev's ""Green Colleges"" for sustainability efforts: @csuci, @ChicoState, @csuf, @humboldtstate,‚Ä¶"
181,2018-10-24 17:05:46,0,26,Twitter Web Client,140,"RT @calstate: 14 CSUs are among @ThePrincetonRev's ""Green Colleges"" for sustainability efforts: @csuci, @ChicoState, @csuf, @humboldtstate,‚Ä¶"
182,2018-10-24 17:04:26,3,0,Twitter for Android,79,"My Bronco ID has 2 zeros in front of it

@calpolypomona https://t.co/H4UNjaTarY"
183,2018-10-24 16:57:15,0,0,TweetDeck,170,@ElNegroJefe00 @calpolypomona Hey! We're sorry that you're running into enrollment issues -- we can help you troubleshoot / strategize the waitlisted class. Send us a DM.
184,2018-10-24 16:50:59,0,0,Twitter for iPhone,78,"@calpolypomona 
Every quarter
Every semester
I‚Äôm tired https://t.co/4EBxx1lfRx"
185,2018-10-24 16:46:05,0,26,Twitter Web Client,140,"RT @calstate: 14 CSUs are among @ThePrincetonRev's ""Green Colleges"" for sustainability efforts: @csuci, @ChicoState, @csuf, @humboldtstate,‚Ä¶"
186,2018-10-24 16:35:12,0,18,Hootsuite Inc.,140,"RT @calpolypomona: Cal Poly Pomona is a national leader in awarding bachelor degrees to minority students in Architecture @cppenv, Hospital‚Ä¶"
187,2018-10-24 16:34:27,0,18,Twitter for iPhone,140,"RT @calpolypomona: Cal Poly Pomona is a national leader in awarding bachelor degrees to minority students in Architecture @cppenv, Hospital‚Ä¶"
188,2018-10-24 16:25:37,0,18,Twitter Web Client,140,"RT @calpolypomona: Cal Poly Pomona is a national leader in awarding bachelor degrees to minority students in Architecture @cppenv, Hospital‚Ä¶"
189,2018-10-24 16:18:31,22,3,Twitter Web Client,295,"CPP Architecture @cppenv and @cppengineering students designed a functional prototype inspired by the ‚Äòroly poly‚Äô bug called the Mars Habitation Module (CPP-HAB). Since May, CPP-HAB has been presented at 5 professional conferences. Read more here: https://t.co/SMlLwmrQe4 https://t.co/Hjjjp8453m"
190,2018-10-24 15:36:03,0,0,Twitter Web Client,131,@linchikwok @cppenv @CBACPP @cppengineering @CPPAgri Thank you for pointing that out. We adjusted the list: https://t.co/PawCGeVEne
191,2018-10-24 07:06:34,0,18,Twitter for iPhone,140,"RT @calpolypomona: Cal Poly Pomona is a national leader in awarding bachelor degrees to minority students in Architecture @cppenv, Hospital‚Ä¶"
192,2018-10-24 07:01:50,0,6,Twitter for Android,139,RT @calpolypomona: .@cppbroncos Women's XC took 2nd place at the Festival Year Fiasco on Saturday. The Broncos have placed in the Top 5 in‚Ä¶
193,2018-10-24 06:59:19,1,0,Twitter Web Client,97,@katyintoit @calpolypomona there was already a stabbing üò≥üò≥ i dont want to be put on any listsüò≥üò≥üò≥üò≥
194,2018-10-24 06:52:58,1,0,Twitter for iPhone,32,@jinsoecl @calpolypomona get her
195,2018-10-24 06:20:36,0,0,Twitter for iPhone,127,@calpolypomona @cppenv @CBACPP @cppengineering @CPPAgri Collins is not listed in the news release. Add Collins to the list too?
196,2018-10-24 06:01:37,0,3,Twitter for iPhone,140,"RT @NarbehPez: Petting zoo, corn maze, pumpkins and more! The Armenian Duo takes a trip to a Pumpkin Festival! #Ep15

Join the Journey, Enj‚Ä¶"
197,2018-10-24 03:10:21,0,3,Twitter for iPhone,140,RT @calpolypomona: .@cppbroncos Men's XC took home their third 1st-place finish this season at the Festival Year Fiasco. 5 CPP runners fini‚Ä¶
198,2018-10-24 02:57:31,0,18,Twitter for iPhone,140,"RT @calpolypomona: Cal Poly Pomona is a national leader in awarding bachelor degrees to minority students in Architecture @cppenv, Hospital‚Ä¶"
199,2018-10-24 02:28:44,0,2,Twitter for iPhone,85,RT @Andres301_: @calpolypomona you just love screwing over students with registration
200,2018-10-24 02:23:36,0,6,Twitter for iPhone,139,RT @calpolypomona: .@cppbroncos Women's XC took 2nd place at the Festival Year Fiasco on Saturday. The Broncos have placed in the Top 5 in‚Ä¶
201,2018-10-24 02:21:55,0,3,Twitter for iPhone,140,RT @calpolypomona: .@cppbroncos Men's XC took home their third 1st-place finish this season at the Festival Year Fiasco. 5 CPP runners fini‚Ä¶
202,2018-10-24 02:17:34,0,18,Twitter for iPhone,140,"RT @calpolypomona: Cal Poly Pomona is a national leader in awarding bachelor degrees to minority students in Architecture @cppenv, Hospital‚Ä¶"
203,2018-10-24 02:06:45,0,3,Twitter for Android,140,"RT @BYDCompany: #BYD stands for Build Your Dreams, and that is exactly what we are helping @CalPolyPomona student Esther Kala to do by awar‚Ä¶"
204,2018-10-24 01:52:35,0,18,Twitter for iPhone,140,"RT @calpolypomona: Cal Poly Pomona is a national leader in awarding bachelor degrees to minority students in Architecture @cppenv, Hospital‚Ä¶"
205,2018-10-24 01:47:13,0,6,Twitter for Android,139,RT @calpolypomona: .@cppbroncos Women's XC took 2nd place at the Festival Year Fiasco on Saturday. The Broncos have placed in the Top 5 in‚Ä¶
206,2018-10-24 01:44:38,0,1,Twitter for iPhone,140,RT @missemilyarra: So happy to be a part of this first grade team! The kids were so engaged and learned so much about agriculture and how o‚Ä¶
207,2018-10-24 01:31:13,0,18,Twitter for Android,140,"RT @calpolypomona: Cal Poly Pomona is a national leader in awarding bachelor degrees to minority students in Architecture @cppenv, Hospital‚Ä¶"
208,2018-10-24 01:15:06,3,0,Hootsuite Inc.,261,Enter your dog in a #CostumeContest this Sunday at the @calpolypomona #PumpkinPatch! Registration starts at 11 by the hay pyramid. Contest begins at 1. Space limited. All dogs must be on leash and well behaved at all times! #FinalWeekend https://t.co/F2FUFSHSW3
209,2018-10-24 01:11:57,0,6,Twitter for iPhone,139,RT @calpolypomona: .@cppbroncos Women's XC took 2nd place at the Festival Year Fiasco on Saturday. The Broncos have placed in the Top 5 in‚Ä¶
210,2018-10-24 00:54:39,0,2,Twitter for iPhone,85,RT @Andres301_: @calpolypomona you just love screwing over students with registration
211,2018-10-24 00:17:13,0,18,Twitter for iPhone,140,"RT @calpolypomona: Cal Poly Pomona is a national leader in awarding bachelor degrees to minority students in Architecture @cppenv, Hospital‚Ä¶"
212,2018-10-24 00:14:49,28,18,Twitter Web Client,297,"Cal Poly Pomona is a national leader in awarding bachelor degrees to minority students in Architecture @cppenv, Hospitality management, Business @CBACPP, Engineering @cppengineering, and Agriculture @CPPAgri. 

Find out more about the rankings here: https://t.co/PawCGeVEne https://t.co/SyhGwCjxPE"
213,2018-10-23 23:52:03,0,1,Twitter for iPhone,140,"RT @shhscounseling_: If you are interested in touring Cal Poly Pomona on October 29th or UC Irvine on November 17th, pick up a permission s‚Ä¶"
214,2018-10-23 23:23:52,0,0,TweetDeck,161,"@Andres301_ @calpolypomona If you DM us and tell us what classes you need, we can help you strategize how to get into them or figure out who you need to talk to."
215,2018-10-23 23:21:43,0,9,Twitter for Android,140,RT @calpolypomona: .@CPPAgri grad student Oscar Del Real has been working at his dream job as part of the @Dodgers Stadium grounds crew. Re‚Ä¶
216,2018-10-23 23:13:51,0,0,Twitter for iPhone,60,@cppbac @calpolypomona Add more classes and then we can talk
217,2018-10-23 22:50:16,0,0,TweetDeck,127,"@Andres301_ @calpolypomona Hey! We're sorry that registration is frustrating -- if you need help troubleshooting, send us a DM."
218,2018-10-23 22:33:06,1,2,Twitter for iPhone,69,@calpolypomona you just love screwing over students with registration
219,2018-10-23 21:19:03,0,3,Hootsuite Inc.,140,"RT @NarbehPez: Petting zoo, corn maze, pumpkins and more! The Armenian Duo takes a trip to a Pumpkin Festival! #Ep15

Join the Journey, Enj‚Ä¶"
220,2018-10-23 19:47:26,0,3,Twitter for Android,140,"RT @NarbehPez: Petting zoo, corn maze, pumpkins and more! The Armenian Duo takes a trip to a Pumpkin Festival! #Ep15

Join the Journey, Enj‚Ä¶"
221,2018-10-23 19:28:03,3,1,Twitter for iPhone,303,"If you are interested in touring Cal Poly Pomona on October 29th or UC Irvine on November 17th, pick up a permission slip in the counseling office.¬†Priority will be given to the first 50 juniors &amp; seniors who are on track to meet the A-G requirements @calpolypomona @UCIrvine https://t.co/BP9xC2WTeT"
222,2018-10-23 19:01:15,0,2,Hootsuite Inc.,140,"RT @michaelmcgandy: What an honor from @WhaHistory! Congrats to Terry Young @calpolypomona!!
#envhist #twitterstorians https://t.co/5SMOD7p‚Ä¶"
223,2018-10-23 18:58:50,6,1,Twitter Web Client,283,"Are you safe online? üñ• Come to the @cppcyberfair on Oct. 25 to learn how to protect your online identity. Listen to presentations from @IBM, @northropgrumman, @cylanceinc and @Cisco and participate in hands-on demos. More details here: https://t.co/7vaAU8NWcv https://t.co/fOI6OrV0YI"
224,2018-10-23 18:57:39,2,0,Twitter for iPhone,143,"So apparently it‚Äôs spirit week at @calpolypomona ...midterms have me so out of the loop, luckily i wore my alumni hoodie today...go broncos!! üêé"
225,2018-10-23 18:57:18,1,0,Twitter for iPhone,90,@AlinaAK talking about the @NASAJPL #HabEx mission @calpolypomona. https://t.co/IynFddTkx1
226,2018-10-23 18:52:33,0,6,Twitter for iPhone,139,RT @calpolypomona: .@cppbroncos Women's XC took 2nd place at the Festival Year Fiasco on Saturday. The Broncos have placed in the Top 5 in‚Ä¶
227,2018-10-23 18:46:02,14,6,Twitter Web Client,300,".@cppbroncos Women's XC took 2nd place at the Festival Year Fiasco on Saturday. The Broncos have placed in the Top 5 in three out of their four races this fall. They are ready to race at the 2018 @goccaa Championship on Sat, Nov. 3. Full results here: https://t.co/kLumg5r6Gw. https://t.co/mo98fK4Mql"
228,2018-10-23 17:38:15,0,3,Twitter for iPhone,140,RT @calpolypomona: .@cppbroncos Men's XC took home their third 1st-place finish this season at the Festival Year Fiasco. 5 CPP runners fini‚Ä¶
229,2018-10-23 17:28:54,18,3,Twitter Web Client,302,".@cppbroncos Men's XC took home their third 1st-place finish this season at the Festival Year Fiasco. 5 CPP runners finished in the Top 12 of the 8k race. The runners will be back at CSUSB for the 2018 @goccaa Champions on Sat, Nov. 3. Full results here: https://t.co/UTqYcdF3jw https://t.co/MUc36x17F9"
230,2018-10-23 16:28:38,0,9,Hootsuite Inc.,140,RT @calpolypomona: .@CPPAgri grad student Oscar Del Real has been working at his dream job as part of the @Dodgers Stadium grounds crew. Re‚Ä¶
231,2018-10-23 16:26:16,1,0,TweetDeck,169,"@aykrico @calpolypomona Hey! If there's anything we can help with regarding registration and conversion, or you just have general questions, send us a DM -- we can help!"
232,2018-10-23 16:11:58,1,0,Twitter Lite,75,"Semester conversion at @calpolypomona  has been such a flop, nothing works!"
233,2018-10-23 15:42:44,4,3,Twitter for iPhone,208,"Petting zoo, corn maze, pumpkins and more! The Armenian Duo takes a trip to a Pumpkin Festival! #Ep15

Join the Journey, Enjoy, &amp; Sub! 

@calpolypomona #October 

#PezfortheSol üëªüéÉ

https://t.co/KwaK076UOE"
234,2018-10-23 15:34:00,0,7,Twitter Web Client,139,"RT @calstate: ""One team. One goal. Student success.""
That's the mantra for Dr. Soraya Coley, @calpolypomona's first woman African-American‚Ä¶"
235,2018-10-23 15:29:58,1,0,TweetDeck,213,"@melbalderama @calpolypomona We'll send you and other CPP students an email when it's back up, which should happen in the next two weeks. If you have any other questions, send us a DM -- we'll help as best we can."
236,2018-10-23 15:29:21,0,0,TweetDeck,260,"@melbalderama @calpolypomona Hi! We saw that you left the same comment on Instagram, but we'll answer you here too -- we know it sucks that the form has been down, and we appreciate your patience. We've been updating it to make sure it's all good for semesters"
237,2018-10-23 14:56:19,1,0,Instagram,173,"Ready to manifest positivity today? I am. üëçüòÄ

#CalPolyPomona #tuesdaymotivation #Manifest
#soulmates #wealth #health #scorpioseason @ Cal Poly Pomona https://t.co/aSJZKYIfRm"
238,2018-10-23 14:03:43,0,7,Twitter for iPhone,139,"RT @calstate: ""One team. One goal. Student success.""
That's the mantra for Dr. Soraya Coley, @calpolypomona's first woman African-American‚Ä¶"
239,2018-10-23 13:45:30,0,2,Twitter Web Client,140,"RT @michaelmcgandy: What an honor from @WhaHistory! Congrats to Terry Young @calpolypomona!!
#envhist #twitterstorians https://t.co/5SMOD7p‚Ä¶"
240,2018-10-23 13:22:58,10,2,Twitter Web Client,122,"What an honor from @WhaHistory! Congrats to Terry Young @calpolypomona!!
#envhist #twitterstorians https://t.co/5SMOD7pbku"
241,2018-10-23 09:20:44,0,1,Twitter for iPhone,140,RT @inlandempireus: Cal Poly Pomona Cybersecurity Team Advances to National Competition  https://t.co/bMg4G67B4t @calpolypomona #pomona #cy‚Ä¶
242,2018-10-23 07:38:29,0,2,Twitter for iPhone,92,RT @Cheryl_IPM: Demonstrating #ucanr weed steaming at #calpolypomona https://t.co/hPcznk0gkH
243,2018-10-23 05:01:18,0,20,Twitter for iPhone,114,"RT @calpolypomona: Pancho says ""meh"" to Mondays üòë  Hope you survived your Monday, Broncos! https://t.co/LgfCJjP0vd"
244,2018-10-23 04:16:19,0,9,Twitter for Android,140,RT @calpolypomona: .@CPPAgri grad student Oscar Del Real has been working at his dream job as part of the @Dodgers Stadium grounds crew. Re‚Ä¶
245,2018-10-23 03:31:36,0,20,Twitter for Android,114,"RT @calpolypomona: Pancho says ""meh"" to Mondays üòë  Hope you survived your Monday, Broncos! https://t.co/LgfCJjP0vd"
246,2018-10-23 03:19:25,0,20,Twitter for iPhone,114,"RT @calpolypomona: Pancho says ""meh"" to Mondays üòë  Hope you survived your Monday, Broncos! https://t.co/LgfCJjP0vd"
247,2018-10-23 03:17:21,0,20,Twitter for iPhone,114,"RT @calpolypomona: Pancho says ""meh"" to Mondays üòë  Hope you survived your Monday, Broncos! https://t.co/LgfCJjP0vd"
248,2018-10-23 03:13:09,0,20,Twitter for iPhone,114,"RT @calpolypomona: Pancho says ""meh"" to Mondays üòë  Hope you survived your Monday, Broncos! https://t.co/LgfCJjP0vd"
249,2018-10-23 02:43:39,10,1,Twitter for iPhone,275,So happy to be a part of this first grade team! The kids were so engaged and learned so much about agriculture and how our needs are met. Incredible launch to another great PBL unit! Thank you @NearlyMrsShaw @MrsPoitou @calpolypomona and Mr. Escobar!! https://t.co/YBMYKFxRfR
250,2018-10-23 01:57:51,0,20,Twitter for iPhone,114,"RT @calpolypomona: Pancho says ""meh"" to Mondays üòë  Hope you survived your Monday, Broncos! https://t.co/LgfCJjP0vd"
251,2018-10-23 01:44:03,0,20,Twitter for iPhone,114,"RT @calpolypomona: Pancho says ""meh"" to Mondays üòë  Hope you survived your Monday, Broncos! https://t.co/LgfCJjP0vd"
252,2018-10-23 01:28:17,0,10,Twitter for iPhone,140,"RT @calpolypomona: Do you need vaccines or pampering for your pet? üê∂ üê± Come to the @CPPAgri Poly Pet Spa Day next Sat, Nov. 3 from 9 a.m. t‚Ä¶"
253,2018-10-23 01:22:17,0,20,Twitter for Android,114,"RT @calpolypomona: Pancho says ""meh"" to Mondays üòë  Hope you survived your Monday, Broncos! https://t.co/LgfCJjP0vd"
254,2018-10-23 01:06:56,0,2,Twitter Web Client,92,RT @Cheryl_IPM: Demonstrating #ucanr weed steaming at #calpolypomona https://t.co/hPcznk0gkH
255,2018-10-23 01:04:19,0,20,Twitter for iPhone,114,"RT @calpolypomona: Pancho says ""meh"" to Mondays üòë  Hope you survived your Monday, Broncos! https://t.co/LgfCJjP0vd"
256,2018-10-23 00:45:37,0,20,Twitter Web Client,114,"RT @calpolypomona: Pancho says ""meh"" to Mondays üòë  Hope you survived your Monday, Broncos! https://t.co/LgfCJjP0vd"
257,2018-10-23 00:37:44,1,0,Twitter for iPhone,79,happy national nut day to all my cowpowlypowmownow nuts https://t.co/MXI37Wxkv5
258,2018-10-23 00:35:32,0,0,Instagram,213,CAL POLY POMONA MEN'S TRACK AND FIELD. üí∏‚ú®üî•üí´ iamkeniv barbershopconnect @cppbroncos @cppxctf  @calpolypomona #BARBERSHOPCONNECT #BARBERLIFE #PROTOCOLBARBERSHOP #CALPOLYPOMONA #WEARECPP #CPP‚Ä¶ https://t.co/ejwsVwnkYZ
259,2018-10-23 00:23:29,0,1,Hootsuite Inc.,140,RT @mainstreetasa: We discovered the best Pumpkin Patch in SoCal this weekend! So much fun with @ChrisAsa1 at the Pumpkin patch @calpolypom‚Ä¶
260,2018-10-23 00:21:13,0,1,Twitter for iPhone,140,RT @uriahrsanders: @BootstrapCook My school @calpolypomona @ASICPP is opening a food pantry! How could we get the book donated? I think thi‚Ä¶
261,2018-10-23 00:14:29,0,9,Twitter for iPhone,140,RT @calpolypomona: .@CPPAgri grad student Oscar Del Real has been working at his dream job as part of the @Dodgers Stadium grounds crew. Re‚Ä¶
262,2018-10-23 00:13:58,0,20,Twitter for iPhone,114,"RT @calpolypomona: Pancho says ""meh"" to Mondays üòë  Hope you survived your Monday, Broncos! https://t.co/LgfCJjP0vd"
263,2018-10-23 00:06:54,0,20,Twitter for iPhone,114,"RT @calpolypomona: Pancho says ""meh"" to Mondays üòë  Hope you survived your Monday, Broncos! https://t.co/LgfCJjP0vd"
264,2018-10-23 00:06:26,3,0,Twitter for iPhone,39,i love pancho üíö https://t.co/SPS5lSMEDa
265,2018-10-23 00:01:31,0,7,Twitter for Android,139,"RT @calstate: ""One team. One goal. Student success.""
That's the mantra for Dr. Soraya Coley, @calpolypomona's first woman African-American‚Ä¶"
266,2018-10-22 23:56:44,0,20,Twitter for iPhone,114,"RT @calpolypomona: Pancho says ""meh"" to Mondays üòë  Hope you survived your Monday, Broncos! https://t.co/LgfCJjP0vd"
267,2018-10-22 23:56:21,0,20,Twitter for iPhone,114,"RT @calpolypomona: Pancho says ""meh"" to Mondays üòë  Hope you survived your Monday, Broncos! https://t.co/LgfCJjP0vd"
268,2018-10-22 23:55:58,0,20,Twitter for iPhone,114,"RT @calpolypomona: Pancho says ""meh"" to Mondays üòë  Hope you survived your Monday, Broncos! https://t.co/LgfCJjP0vd"
269,2018-10-22 23:54:51,93,20,Twitter Web Client,95,"Pancho says ""meh"" to Mondays üòë  Hope you survived your Monday, Broncos! https://t.co/LgfCJjP0vd"
270,2018-10-22 23:53:17,0,9,Twitter for iPhone,140,RT @calpolypomona: .@CPPAgri grad student Oscar Del Real has been working at his dream job as part of the @Dodgers Stadium grounds crew. Re‚Ä¶
271,2018-10-22 23:34:06,6,1,Twitter for iPhone,169,@BootstrapCook My school @calpolypomona @ASICPP is opening a food pantry! How could we get the book donated? I think this is great and would be very helpful to students!
272,2018-10-22 23:31:09,0,1,Twitter Web Client,140,RT @calpolypomona: Can you really have it all? Randi Zukerberg says you can. Find out how on Nov. 7 @ 5:30 p.m. to hear from @randizuckerbe‚Ä¶
273,2018-10-22 23:30:57,0,5,Twitter Web Client,105,RT @cppama: Sometimes we do cool things #amacorporatetours @CBACPP @calpolypomona https://t.co/6xvxnYckBw
274,2018-10-22 23:07:45,0,9,Twitter for iPhone,140,RT @calpolypomona: .@CPPAgri grad student Oscar Del Real has been working at his dream job as part of the @Dodgers Stadium grounds crew. Re‚Ä¶
275,2018-10-22 22:49:17,0,9,Twitter Web Client,140,RT @calpolypomona: .@CPPAgri grad student Oscar Del Real has been working at his dream job as part of the @Dodgers Stadium grounds crew. Re‚Ä¶
276,2018-10-22 22:45:07,0,9,Twitter for iPhone,140,RT @calpolypomona: .@CPPAgri grad student Oscar Del Real has been working at his dream job as part of the @Dodgers Stadium grounds crew. Re‚Ä¶
277,2018-10-22 22:44:44,0,3,twitx botx testx,140,RT @calpolypomona: . @starwars fans unite and listen as Dr. Rosanne Welch explores how these popular movies changed films forever. The intr‚Ä¶
278,2018-10-22 22:43:32,0,3,Twitter Web Client,140,RT @calpolypomona: . @starwars fans unite and listen as Dr. Rosanne Welch explores how these popular movies changed films forever. The intr‚Ä¶
279,2018-10-22 22:41:12,37,9,Twitter Web Client,248,.@CPPAgri grad student Oscar Del Real has been working at his dream job as part of the @Dodgers Stadium grounds crew. Read his interview here and learn how it is working for the big leagues: https://t.co/t7WwydtFnB  #Dodgers https://t.co/j590kRja6Y
280,2018-10-22 22:21:21,11,2,Twitter Lite,76,Demonstrating #ucanr weed steaming at #calpolypomona https://t.co/hPcznk0gkH
281,2018-10-22 21:51:59,0,7,Twitter for Android,139,"RT @calstate: ""One team. One goal. Student success.""
That's the mantra for Dr. Soraya Coley, @calpolypomona's first woman African-American‚Ä¶"
282,2018-10-22 21:47:28,0,7,Twitter for iPhone,139,"RT @calstate: ""One team. One goal. Student success.""
That's the mantra for Dr. Soraya Coley, @calpolypomona's first woman African-American‚Ä¶"
283,2018-10-22 21:44:42,0,26,Twitter Web Client,140,"RT @calstate: 14 CSUs are among @ThePrincetonRev's ""Green Colleges"" for sustainability efforts: @csuci, @ChicoState, @csuf, @humboldtstate,‚Ä¶"
284,2018-10-22 21:30:43,0,7,Twitter Web Client,139,"RT @calstate: ""One team. One goal. Student success.""
That's the mantra for Dr. Soraya Coley, @calpolypomona's first woman African-American‚Ä¶"
285,2018-10-22 21:30:21,0,10,Twitter for iPhone,140,"RT @calpolypomona: Do you need vaccines or pampering for your pet? üê∂ üê± Come to the @CPPAgri Poly Pet Spa Day next Sat, Nov. 3 from 9 a.m. t‚Ä¶"
286,2018-10-22 21:23:45,35,7,Hootsuite Inc.,240,"""One team. One goal. Student success.""
That's the mantra for Dr. Soraya Coley, @calpolypomona's first woman African-American president, who serves to inspire and lift up underserved students: https://t.co/tGuTcfEpHP. https://t.co/13YfZGvGWr"
287,2018-10-22 21:08:55,0,1,Twitter for iPhone,140,"RT @calpolypomona: The #19 nationally-ranked @cppbroncos Volleyball team beat the SF Gators 3-1 during the ""Dig For A Cure Night."" The game‚Ä¶"
288,2018-10-22 21:01:18,13,1,Twitter Web Client,295,"The #19 nationally-ranked @cppbroncos Volleyball team beat the SF Gators 3-1 during the ""Dig For A Cure Night."" The game was in honor of #BreastCancerAwareness month. Read the full recap here: https://t.co/qqIsYLFSEA and check out their next home games this Fri and Sat üèê https://t.co/A6ty3Iv83W"
289,2018-10-22 20:49:45,6,1,Twitter for iPhone,199,"We discovered the best Pumpkin Patch in SoCal this weekend! So much fun with @ChrisAsa1 at the Pumpkin patch @calpolypomona! 
Watch the video here üé•ü¶áüéÉ: https://t.co/iyB0jOAfYs https://t.co/LQbwomQPL2"
290,2018-10-22 20:41:10,0,26,Twitter Web Client,140,"RT @calstate: 14 CSUs are among @ThePrincetonRev's ""Green Colleges"" for sustainability efforts: @csuci, @ChicoState, @csuf, @humboldtstate,‚Ä¶"
291,2018-10-22 20:13:48,0,10,Twitter for iPhone,140,"RT @calpolypomona: Do you need vaccines or pampering for your pet? üê∂ üê± Come to the @CPPAgri Poly Pet Spa Day next Sat, Nov. 3 from 9 a.m. t‚Ä¶"
292,2018-10-22 20:05:57,0,2,Hootsuite Inc.,140,"RT @calpolypomona: Happy #NationalNutDay! The Don B. Huntley College of Agriculture @CPPAgri gets its namesake from Don Huntley, who pledge‚Ä¶"
293,2018-10-22 19:51:40,0,2,Hootsuite Inc.,140,"RT @calpolypomona: Happy #NationalNutDay! The Don B. Huntley College of Agriculture @CPPAgri gets its namesake from Don Huntley, who pledge‚Ä¶"
294,2018-10-22 19:07:41,0,0,Twitter for iPhone,48,@TheKan_Artist you down? https://t.co/kdfuYq5Ivl
295,2018-10-22 19:07:25,0,10,Twitter for iPhone,140,"RT @calpolypomona: Do you need vaccines or pampering for your pet? üê∂ üê± Come to the @CPPAgri Poly Pet Spa Day next Sat, Nov. 3 from 9 a.m. t‚Ä¶"
296,2018-10-22 19:01:29,21,2,Twitter Web Client,201,"Happy #NationalNutDay! The Don B. Huntley College of Agriculture @CPPAgri gets its namesake from Don Huntley, who pledged his 475 acre pistachio farm to benefit CPP AG students. https://t.co/5xeN1xuxT6"
297,2018-10-22 18:55:21,0,10,Hootsuite Inc.,140,"RT @calpolypomona: Do you need vaccines or pampering for your pet? üê∂ üê± Come to the @CPPAgri Poly Pet Spa Day next Sat, Nov. 3 from 9 a.m. t‚Ä¶"
298,2018-10-22 18:42:40,0,3,Twitter Web Client,140,RT @calpolypomona: . @starwars fans unite and listen as Dr. Rosanne Welch explores how these popular movies changed films forever. The intr‚Ä¶
299,2018-10-22 18:04:06,0,26,Twitter for iPhone,140,"RT @calstate: 14 CSUs are among @ThePrincetonRev's ""Green Colleges"" for sustainability efforts: @csuci, @ChicoState, @csuf, @humboldtstate,‚Ä¶"
300,2018-10-22 18:01:12,0,26,Twitter for iPhone,140,"RT @calstate: 14 CSUs are among @ThePrincetonRev's ""Green Colleges"" for sustainability efforts: @csuci, @ChicoState, @csuf, @humboldtstate,‚Ä¶"
301,2018-10-22 17:26:31,0,2,Twitter for iPhone,111,RT @TwitterU: We enjoyed the group at #CPPLive! Thank you for having us @calpolypomona. https://t.co/NIcuXqqAq2
302,2018-10-22 17:07:16,0,26,Twitter for iPhone,140,"RT @calstate: 14 CSUs are among @ThePrincetonRev's ""Green Colleges"" for sustainability efforts: @csuci, @ChicoState, @csuf, @humboldtstate,‚Ä¶"
303,2018-10-22 16:51:34,5,0,Twitter for iPhone,173,Tons of Anteater staff and alumni representing this past weekend at Western Regional Careers in Student Affairs Day @calpolypomona! #WRCSAD18 @WRCSAD https://t.co/iaF2zd1B6L
304,2018-10-22 16:48:20,10,3,Twitter Web Client,232,. @starwars fans unite and listen as Dr. Rosanne Welch explores how these popular movies changed films forever. The intriguing academic talk happens this Thursday at U-hour in the @cpplibrary ‚≠êÔ∏è üöÄ üí´ #StarWars https://t.co/ldwwUgFqgD
305,2018-10-22 16:43:09,0,10,Twitter for Android,140,"RT @calpolypomona: Do you need vaccines or pampering for your pet? üê∂ üê± Come to the @CPPAgri Poly Pet Spa Day next Sat, Nov. 3 from 9 a.m. t‚Ä¶"
306,2018-10-22 16:40:00,2,0,TweetDeck,226,"Cal Poly Pomona‚Äôs Campus Health and Wellbeing will host a free screening of ""The S Word"" TOMORROW Oct. 23 at 6PM https://t.co/iAf4MtdIS4 @calpolypomona #SuicidePrevention #SuicideAwareness #MentalHealth https://t.co/okrMmEbOkO"
307,2018-10-22 16:15:55,0,26,Twitter for iPhone,140,"RT @calstate: 14 CSUs are among @ThePrincetonRev's ""Green Colleges"" for sustainability efforts: @csuci, @ChicoState, @csuf, @humboldtstate,‚Ä¶"
308,2018-10-22 16:12:58,0,26,Twitter Web Client,140,"RT @calstate: 14 CSUs are among @ThePrincetonRev's ""Green Colleges"" for sustainability efforts: @csuci, @ChicoState, @csuf, @humboldtstate,‚Ä¶"
309,2018-10-22 16:12:34,0,26,Twitter Web Client,140,"RT @calstate: 14 CSUs are among @ThePrincetonRev's ""Green Colleges"" for sustainability efforts: @csuci, @ChicoState, @csuf, @humboldtstate,‚Ä¶"
310,2018-10-22 16:07:15,0,26,TweetDeck,140,"RT @calstate: 14 CSUs are among @ThePrincetonRev's ""Green Colleges"" for sustainability efforts: @csuci, @ChicoState, @csuf, @humboldtstate,‚Ä¶"
311,2018-10-22 16:06:05,0,10,Twitter for iPhone,140,"RT @calpolypomona: Do you need vaccines or pampering for your pet? üê∂ üê± Come to the @CPPAgri Poly Pet Spa Day next Sat, Nov. 3 from 9 a.m. t‚Ä¶"
312,2018-10-22 16:02:54,0,10,Twitter for iPhone,140,"RT @calpolypomona: Do you need vaccines or pampering for your pet? üê∂ üê± Come to the @CPPAgri Poly Pet Spa Day next Sat, Nov. 3 from 9 a.m. t‚Ä¶"
313,2018-10-22 15:56:00,27,10,Twitter Web Client,276,"Do you need vaccines or pampering for your pet? üê∂ üê± Come to the @CPPAgri Poly Pet Spa Day next Sat, Nov. 3 from 9 a.m. to 1 p.m. Vaccines are $10 and microchips are $20! Free toenail trims included. Make your reservations here: https://t.co/imhxvzHdIZ. https://t.co/HQdBtucTF9"
314,2018-10-22 15:51:14,0,26,Sprout Social,140,"RT @calstate: 14 CSUs are among @ThePrincetonRev's ""Green Colleges"" for sustainability efforts: @csuci, @ChicoState, @csuf, @humboldtstate,‚Ä¶"
315,2018-10-22 14:48:21,0,1,Twitter Web Client,102,RT @RCHScounselors: Mrs. Vasquez and  Ms. Meredith @calpolypomona Go Broncos!! https://t.co/MZymq2yDKn
316,2018-10-22 14:37:41,11,1,Twitter for iPhone,82,Mrs. Vasquez and  Ms. Meredith @calpolypomona Go Broncos!! https://t.co/MZymq2yDKn
317,2018-10-22 13:52:35,0,26,Twitter Lite,140,"RT @calstate: 14 CSUs are among @ThePrincetonRev's ""Green Colleges"" for sustainability efforts: @csuci, @ChicoState, @csuf, @humboldtstate,‚Ä¶"
318,2018-10-22 12:15:15,0,2,Twitter Web Client,140,"RT @dinet: ‚ÄúOur responsibilities increase by the minute. Our buildings not only have to perform well, they must be resilient and designed f‚Ä¶"
319,2018-10-22 12:15:09,0,1,Twitter Web Client,139,"RT @dinet: ‚ÄúIf we prioritize innovation, and if all designers innovate in at least one area of every project, we could quickly advance the‚Ä¶"
320,2018-10-22 05:02:23,0,5,Twitter for iPhone,105,RT @cppama: Sometimes we do cool things #amacorporatetours @CBACPP @calpolypomona https://t.co/6xvxnYckBw
321,2018-10-22 05:02:12,0,0,Twitter for iPhone,69,@calpolypomona is here for you with open arms https://t.co/HRx7UyknLo
322,2018-10-22 02:45:02,0,0,Twitter for Android,54,"https://t.co/3yHHWMiRcD

Whoever made this, thank you."
323,2018-10-22 02:38:03,0,26,Twitter for iPhone,140,"RT @calstate: 14 CSUs are among @ThePrincetonRev's ""Green Colleges"" for sustainability efforts: @csuci, @ChicoState, @csuf, @humboldtstate,‚Ä¶"
324,2018-10-22 02:20:17,0,26,Sprout Social,140,"RT @calstate: 14 CSUs are among @ThePrincetonRev's ""Green Colleges"" for sustainability efforts: @csuci, @ChicoState, @csuf, @humboldtstate,‚Ä¶"
325,2018-10-22 01:50:30,0,1,Twitter Web Client,140,"RT @marta_albala: Poetry night upcoming with Sigma, Tau, Delta, Pomona Valley Review #PVR and @harvestcpp, this Nov 30th. Stay tuned for th‚Ä¶"
326,2018-10-22 01:31:49,1,1,Twitter for Android,247,"Poetry night upcoming with Sigma, Tau, Delta, Pomona Valley Review #PVR and @harvestcpp, this Nov 30th. Stay tuned for the open mic! Tambi√©n en espa√±ol!  @COM_CPP @ClassCpp @PolyPost @cpp @calpolypomona @CalPolyArts @ASICPP https://t.co/S2z7TnzHyH"
327,2018-10-22 01:07:49,0,0,Instagram,184,Good weekend partaking in the fall fun!! #AnnabellaKate #2018 #pumpkinpatch #calpolypomona #irisheyesaresmiling @ Cal Poly Pomona Pumpkin Festival at AGRIscapes https://t.co/wtxsPJYoh5
328,2018-10-21 20:30:49,0,1,Twitter Web Client,140,RT @EJR_Paleo: Thein Htun of @calpolypomona presenting his poster on allometric trends in growth and dwarfism in the extinct Pleistocene Ch‚Ä¶
329,2018-10-21 20:11:21,4,0,Twitter Web Client,108,"Hey ya'll, thank you SO MUCH for taking part in an inspiring and educational day at @calpolypomona #WRCSAD18"
330,2018-10-21 19:47:16,0,26,Twitter for iPhone,140,"RT @calstate: 14 CSUs are among @ThePrincetonRev's ""Green Colleges"" for sustainability efforts: @csuci, @ChicoState, @csuf, @humboldtstate,‚Ä¶"
331,2018-10-21 19:04:25,1,0,Twitter Web Client,107,@EJR_Paleo @calpolypomona WOW WOW WOW!! Thank you for tweeting!! üëèüèøüëèüèæüëèüèΩüëèüèºüëèüèªüëè WISH I COULD HAVE BEEN THERE!!
332,2018-10-21 18:41:48,0,4,Twitter for iPhone,140,"RT @EarthForAmerica: Going door to door, dorm to dorm in LA. Let me know what issues matter to you this midterm in the comments below! @ucl‚Ä¶"
333,2018-10-21 18:19:21,0,5,Twitter for iPhone,105,RT @cppama: Sometimes we do cool things #amacorporatetours @CBACPP @calpolypomona https://t.co/6xvxnYckBw
334,2018-10-21 17:36:57,0,26,Twitter for iPhone,140,"RT @calstate: 14 CSUs are among @ThePrincetonRev's ""Green Colleges"" for sustainability efforts: @csuci, @ChicoState, @csuf, @humboldtstate,‚Ä¶"
335,2018-10-21 17:28:05,0,5,Twitter for iPhone,105,RT @cppama: Sometimes we do cool things #amacorporatetours @CBACPP @calpolypomona https://t.co/6xvxnYckBw
336,2018-10-21 17:25:55,0,5,Twitter for iPhone,105,RT @cppama: Sometimes we do cool things #amacorporatetours @CBACPP @calpolypomona https://t.co/6xvxnYckBw
337,2018-10-21 17:25:36,7,5,Twitter for iPhone,93,Sometimes we do cool things #amacorporatetours @CBACPP @calpolypomona https://t.co/6xvxnYckBw
338,2018-10-21 14:17:32,0,4,Twitter Lite,140,"RT @EarthForAmerica: Going door to door, dorm to dorm in LA. Let me know what issues matter to you this midterm in the comments below! @ucl‚Ä¶"
339,2018-10-21 12:38:09,0,0,Twitter Web Client,43,@Crowther_MJ Learn by doing. @calpolypomona
340,2018-10-21 05:34:03,0,2,Twitter for iPhone,140,"RT @dinet: ‚ÄúOur responsibilities increase by the minute. Our buildings not only have to perform well, they must be resilient and designed f‚Ä¶"
341,2018-10-21 04:06:47,0,26,Twitter for iPhone,140,"RT @calstate: 14 CSUs are among @ThePrincetonRev's ""Green Colleges"" for sustainability efforts: @csuci, @ChicoState, @csuf, @humboldtstate,‚Ä¶"
342,2018-10-21 03:22:59,8,1,Twitter for iPhone,184,Thein Htun of @calpolypomona presenting his poster on allometric trends in growth and dwarfism in the extinct Pleistocene Channel Islands Pygmy Mammoth #2018SVP https://t.co/gmHDCFkESM
343,2018-10-21 00:27:09,3,2,Twitter for iPhone,271,"‚ÄúOur responsibilities increase by the minute. Our buildings not only have to perform well, they must be resilient and designed for passive survivability.‚Äù

-Pablo La Roche (@pmlaroche) of @CallisonRTKL &amp; @calpolypomona for the DI Quarterly 3Q: https://t.co/Clrympwz1K"
344,2018-10-21 00:05:43,0,26,Twitter for iPhone,140,"RT @calstate: 14 CSUs are among @ThePrincetonRev's ""Green Colleges"" for sustainability efforts: @csuci, @ChicoState, @csuf, @humboldtstate,‚Ä¶"
345,2018-10-20 23:05:19,0,26,Twitter for iPhone,140,"RT @calstate: 14 CSUs are among @ThePrincetonRev's ""Green Colleges"" for sustainability efforts: @csuci, @ChicoState, @csuf, @humboldtstate,‚Ä¶"
346,2018-10-20 22:05:53,2,0,Twitter for iPhone,119,Our annual #FNCE photo for @calpolypomona former students and current professors! #learnbydoing https://t.co/UgDEclRHc0
347,2018-10-20 21:14:18,0,0,Facebook,155,"It was a fun day at the pumpkin patch! 
#familyfun #pumpkinpatch #calpolypomona ‚Äî at Cal Poly Pomona Pumpkin Festival at AGRIscapes https://t.co/ERwoAdkRAc"
348,2018-10-20 21:07:00,3,1,HubSpot,154,Cal Poly Pomona Cybersecurity Team Advances to National Competition  https://t.co/bMg4G67B4t @calpolypomona #pomona #cybersecurity https://t.co/G6aLOSPdMp
349,2018-10-20 21:05:04,58,26,Hootsuite Inc.,283,"14 CSUs are among @ThePrincetonRev's ""Green Colleges"" for sustainability efforts: @csuci, @ChicoState, @csuf, @humboldtstate, @CSUMB, @CSULB, @csunorthridge, @calpolypomona, @sacstate, @SDSU, @SFSU, @SJSU &amp; @CalPoly!
Full ranking: https://t.co/0aTpOzBF3q. https://t.co/5psR4K3tIP"
350,2018-10-20 20:22:01,0,2,Twitter Web Client,130,RT @chelychela: Great morning to be with @naspa6 colleagues thank you @calpolypomona for hosting #WRCSAD18 https://t.co/ma8zQZaiO3
351,2018-10-20 20:21:57,0,2,Twitter Web Client,140,"RT @LeaJarnagin: Excited to host the #WRCSAD18 event tomorrow @calpolypomona. Over 500 undergraduate leaders, graduate students and profess‚Ä¶"
352,2018-10-20 17:59:41,1,0,Twitter for iPhone,75,srsly considering @calpolypomona after yesterday... https://t.co/CtUzqdJKTc
353,2018-10-20 17:34:18,0,4,Tweetbot for iŒüS,140,"RT @EarthForAmerica: Going door to door, dorm to dorm in LA. Let me know what issues matter to you this midterm in the comments below! @ucl‚Ä¶"
354,2018-10-20 17:08:06,0,4,Twitter Lite,140,"RT @EarthForAmerica: Going door to door, dorm to dorm in LA. Let me know what issues matter to you this midterm in the comments below! @ucl‚Ä¶"
355,2018-10-20 17:00:22,7,4,Buffer,198,"Going door to door, dorm to dorm in LA. Let me know what issues matter to you this midterm in the comments below! @ucla @uscedu @loyolamarymount @calpolypomona @csunorthridge https://t.co/mLZEpvRuiN"
356,2018-10-20 16:27:28,0,2,Twitter for iPhone,130,RT @chelychela: Great morning to be with @naspa6 colleagues thank you @calpolypomona for hosting #WRCSAD18 https://t.co/ma8zQZaiO3
357,2018-10-20 16:26:37,8,2,Twitter for iPhone,114,Great morning to be with @naspa6 colleagues thank you @calpolypomona for hosting #WRCSAD18 https://t.co/ma8zQZaiO3
358,2018-10-20 16:25:05,2,1,Twitter for iPhone,271,"‚ÄúIf we prioritize innovation, and if all designers innovate in at least one area of every project, we could quickly advance the profession.‚Äù

-Pablo La Roche (@pmlaroche) of @CallisonRTKL and @calpolypomona for the DesignIntelligence Quarterly 3Q: https://t.co/Clrympwz1K"
359,2018-10-20 15:26:07,0,0,Twitter for iPad,170,@Thomas_LaRochel @evaniemailman The thing I loved about @calpolypomona was that we had infinite parking if you were willing to walk. I don‚Äôt think it is the same anymore.
360,2018-10-20 12:08:25,0,0,IFTTT,241,"Three professors at calpolypomona recently redesigned an upper division engineering course to include more active learning activities, regular assessments, &amp; class discussion‚Äîraising the pass rate from 66% to 89%.
https://t.co/g86OEnUe5x"
361,2018-10-20 12:07:00,1,0,Sprout Social,242,"Three professors at @calpolypomona recently redesigned an upper division engineering course to include more active learning activities, regular assessments, &amp; class discussion‚Äîraising the pass rate from 66% to 89%.
https://t.co/U9SiYDjOay"
362,2018-10-20 02:18:59,5,0,Twitter for iPhone,100,Getting into the seasonal spirit! Team bonding @calpolypomona pumpkin patchüéÉ https://t.co/h8xaocZb10
363,2018-10-20 02:06:30,0,2,@AskZob,140,"RT @LeaJarnagin: Excited to host the #WRCSAD18 event tomorrow @calpolypomona. Over 500 undergraduate leaders, graduate students and profess‚Ä¶"
364,2018-10-20 00:37:59,13,2,Twitter for iPhone,278,"Excited to host the #WRCSAD18 event tomorrow @calpolypomona. Over 500 undergraduate leaders, graduate students and professionals! @PresColeyCPP welcomes all in the morning. Dr. John Hernandez, President of @SantiagoCanyon will inspire as keynote speaker. #lovemyjob #myteamrocks"
365,2018-10-19 22:22:23,0,2,Twitter Web Client,140,"RT @CPPAgri: Meet Tonka, a draft horse that will be available for rides this weekend at the @calpolypomona #PumpkinPatch! Also: last admiss‚Ä¶"
366,2018-10-19 22:21:18,0,2,Twitter for iPhone,140,"RT @CPPAgri: Meet Tonka, a draft horse that will be available for rides this weekend at the @calpolypomona #PumpkinPatch! Also: last admiss‚Ä¶"
367,2018-10-19 22:05:08,11,2,Hootsuite Inc.,238,"Meet Tonka, a draft horse that will be available for rides this weekend at the @calpolypomona #PumpkinPatch! Also: last admission to the #PettingFarm and #PonyRides is 4:30 p.m.! Event info: https://t.co/0BWEWejV8r https://t.co/xTh4hPIsnB"
368,2018-10-19 21:59:12,2,0,Twitter Web Client,152,#WRCSAD18 is TOMORROW! Who's going? Follow @WRCSAD for bits and bites of what's happening at @calpolypomona. We're also active on IG/FB- see ya'll soon!
369,2018-10-19 20:32:05,5,1,Twitter Web Client,295,Can you really have it all? Randi Zukerberg says you can. Find out how on Nov. 7 @ 5:30 p.m. to hear from @randizuckerberg - bestselling author &amp; founder and CEO of Zuckerberg Media as part of the Dean's Leadership Forum @CBACPP. Register now: https://t.co/BDDZuL16jj https://t.co/07xLHWBMt1
370,2018-10-19 18:33:03,2,0,Twitter for iPhone,86,@MrLHood @calpolypomona @guidethetigers If I act like I belong will there be free food
371,2018-10-19 18:20:39,0,2,Twitter for Android,140,"RT @cahill_piano: Sarah has two concerts next week in the LA area, featuring music written for her by composers incl. @HellTweet @meredith_‚Ä¶"
372,2018-10-19 18:19:52,0,2,Twitter for Android,140,"RT @cahill_piano: Sarah has two concerts next week in the LA area, featuring music written for her by composers incl. @HellTweet @meredith_‚Ä¶"
373,2018-10-19 18:12:56,12,0,Twitter for iPhone,160,A few CHS Counseors are at @calpolypomona for the Transition to CPP Conference today. @guidethetigers #CPP #Counseling #CollegeAdmission https://t.co/m4EQSwGpDN
374,2018-10-19 18:05:52,0,0,Twitter Lite,206,"Come and eat healthy for only $3.00! Use this tweet and receive $1.00 off! Come while it's hot üèú

Ps. Supplies are limited! So come!

#Fruitywild #CPP #CalPolyPomona #Broncos #cppcon https://t.co/g3pwmAlWVF"
375,2018-10-19 15:35:26,8,2,Hootsuite Inc.,293,"Sarah has two concerts next week in the LA area, featuring music written for her by composers incl. @HellTweet @meredith_monk @unsilentphil #TerryRiley #PaulineOliveros and others.
Oct 25 @calpolypomona https://t.co/e2vRR4HeIB 
Oct 26 @CSUFMusic https://t.co/Yhkhh5YbCB https://t.co/3GgRxNbujA"
376,2018-10-19 12:40:45,0,15,Twitter for iPhone,140,RT @calstate: ‚ÄúThree @calstate campuses are among the top 20 universities in the nation for upward mobility according to the Equality of Op‚Ä¶
377,2018-10-19 05:42:02,0,2,Twitter for iPhone,140,RT @calpolypomona: Thank you Broncos for participating in the #GreatShakeOut and our first ever campus-wide earthquake evacuation drill. If‚Ä¶
378,2018-10-19 05:31:30,0,5,Twitter for Android,140,RT @anthonyocampo: Thank you to .@joseiswriting and @cristela9 for sharing your amazing stories with our @calpolypomona fam. Truly a transf‚Ä¶
379,2018-10-19 05:01:34,0,1,Twitter for iPhone,140,"RT @calpolypomona: Twelfth Night opens tomorrow at the CPP Theatre! üé≠ 

This classic Shakespeare comedy is the second play in the fall seas‚Ä¶"
380,2018-10-19 03:21:39,0,15,Twitter for Android,140,RT @calstate: ‚ÄúThree @calstate campuses are among the top 20 universities in the nation for upward mobility according to the Equality of Op‚Ä¶
381,2018-10-19 02:43:15,1,0,Twitter for iPhone,93,@TwitterU @calpolypomona @Hummmmmbaby Thanks Kelly @Hummmmmbaby for coming! We appreciate it!
382,2018-10-19 02:41:23,8,2,Twitter for iPhone,97,We enjoyed the group at #CPPLive! Thank you for having us @calpolypomona. https://t.co/NIcuXqqAq2
383,2018-10-19 02:00:13,0,0,Twitter for iPhone,105,My students are in this pic! We survived and are earthquake ready. #GreatShakeOut https://t.co/wzCNyA29GZ
384,2018-10-18 23:47:35,3,1,Twitter Web Client,268,"Twelfth Night opens tomorrow at the CPP Theatre! üé≠ 

This classic Shakespeare comedy is the second play in the fall season for @cpptheatredance.  

Discount tickets available for CPP students, faculty, staff, and alumni: https://t.co/XydfY6xLgd https://t.co/xJQYWm6ZIw"
385,2018-10-18 23:29:09,13,0,Twitter for iPhone,141,Hey @calpolypomona‚ùï@TwitterU is baaaaaaaack‚ùï See you in the Bronco Student Center at 6pm #CPPLive #itshot #comehungry https://t.co/KfEK41z5JC
386,2018-10-18 23:24:32,5,0,Twitter Web Client,160,"The new Student Services Building requires great coordination to relocate departments to the new space.

‚ÄúIt literally is like Tetris.""

https://t.co/UJISlyHtAl"
387,2018-10-18 23:08:41,0,15,Twitter Web Client,140,RT @calstate: ‚ÄúThree @calstate campuses are among the top 20 universities in the nation for upward mobility according to the Equality of Op‚Ä¶
388,2018-10-18 23:07:43,0,2,Twitter Web Client,140,RT @calpolypomona: Thank you Broncos for participating in the #GreatShakeOut and our first ever campus-wide earthquake evacuation drill. If‚Ä¶
389,2018-10-18 22:21:35,0,1,Twitter for iPhone,140,"RT @GlobalDA: Watch @calpolypomona Student Services Building come together LIVE! Designed by Member Firm @COArchitectsLA, this project is i‚Ä¶"
390,2018-10-18 22:14:23,0,0,Twitter for iPhone,73,So glad I ran away from campus before 10:18 today https://t.co/nHcNxjpcXN
391,2018-10-18 21:58:12,0,15,Twitter Web Client,140,RT @calstate: ‚ÄúThree @calstate campuses are among the top 20 universities in the nation for upward mobility according to the Equality of Op‚Ä¶
392,2018-10-18 21:45:44,25,2,Twitter Web Client,274,"Thank you Broncos for participating in the #GreatShakeOut and our first ever campus-wide earthquake evacuation drill. If you have any questions about earthquake readiness or today's events, please contact Emergency Management: https://t.co/mSoGwYNXLp https://t.co/oTHfRhhat2"
393,2018-10-18 21:10:00,0,0,Sprout Social,277,"We love seeing our alumni move up in their careers, especially when it's in #highered! #BrandmanGrad2015 Kimberly Allain is doing just that after upgrading her title to associate vice chancellor at @calpolypomona. Congrats! More #beyondbrandman updates: https://t.co/PEZPniScRZ"
394,2018-10-18 20:54:30,4,1,Hootsuite Inc.,237,"Watch @calpolypomona Student Services Building come together LIVE! Designed by Member Firm @COArchitectsLA, this project is inspired by the surrounding #SanGabrielMountains and foothills. https://t.co/nB9erauvgE #GDAlliance #Construction"
395,2018-10-18 20:40:32,2,0,Instagram,212,"So honored and grateful to be speaking as the keynote speaker at @calpolypomona for #womensentrepreneurshipday 
In Nov üåπ‚ú®

I‚Äôll be speaking about how my mom and I crossed the border , our‚Ä¶ https://t.co/zmgWG43VPP"
396,2018-10-18 20:17:05,7,0,Sprout Social,233,"‚ÄúI was willing to experiment &amp; take a chance.‚Äù @calpolypomona Paul Nissenson, 2018-19 Faculty Innovation &amp; Leadership Awardee. Congratulations to all of the awardees!! #WeLeadEd https://t.co/EpXQ0KRtJv https://t.co/d1E4soLXb0"
397,2018-10-18 20:11:36,0,0,Twitter for Android,186,"i love the fact that as soon as I see ""Pamona"" on the freeway, I think about the @calpolypomona Ponies from #heroesofthedorm. Stupid excited for the collegiate space! and squeeing a bit."
398,2018-10-18 18:44:20,0,0,Twitter for iPhone,69,@SomeHerShade @calpolypomona bittttCh check send me a screenshot lmao
399,2018-10-18 18:43:53,0,0,Twitter for iPhone,120,@_woolsweaters @calpolypomona Idk i wont dare look at it i havent even checked my midterm grade bitch i know i failed it
400,2018-10-18 18:42:25,0,0,Twitter for iPhone,66,@_woolsweaters @calpolypomona Me in that damn neuroscience class üòî
401,2018-10-18 18:41:11,0,0,Twitter for iPhone,205,Philosophy is gonna bring my gpa down fuck you @calpolypomona I hate you and philosophy thank u for ruining the chances of a low income community first gen latinx trying to make it in this vast world :////
402,2018-10-18 18:37:28,5,0,Twitter for iPhone,101,Smiles all around while participating in the #GreatShakeOut @CalPolyPomona!!! https://t.co/tn8KRHcXH0
403,2018-10-18 18:24:42,0,3,Twitter for iPhone,140,"RT @BYDCompany: #BYD stands for Build Your Dreams, and that is exactly what we are helping @CalPolyPomona student Esther Kala to do by awar‚Ä¶"
404,2018-10-18 18:24:34,0,3,Twitter Web Client,140,"RT @BYDCompany: #BYD stands for Build Your Dreams, and that is exactly what we are helping @CalPolyPomona student Esther Kala to do by awar‚Ä¶"
405,2018-10-18 18:10:43,21,3,Twitter Web Client,304,"#BYD stands for Build Your Dreams, and that is exactly what we are helping @CalPolyPomona student Esther Kala to do by awarding this scholarship! 

Meet Esther: Gifted, Kind, and Fierce‚Äîhttps://t.co/bicdbSe1fV

@WTSLosAngeles #strongwomen #empowerment #Transportation #WomenInSTEM https://t.co/F7WJtfbd9s"
406,2018-10-18 17:57:36,0,6,Twitter for Android,140,RT @MrSantos09: It's #CollegeWeek! I have to highlight the GREATEST University! Watch Mitchell Anderson's Miracle shot! @cppbroncos @calpol‚Ä¶
407,2018-10-18 17:37:24,1,0,Twitter for Android,166,I would like to point out we're sitting on a reverse fault and if the land under the pointy building rises 25 feet this drill won't mean shit. https://t.co/72pJmCQBdz
408,2018-10-18 17:30:32,7,0,Blackboard Connect for Education,114,TEST of the CPP Safety Alert System for Calif Shakeout. Questions? Email safetyalert@cpp.edu or call 909-869-6776.
409,2018-10-18 16:50:19,0,15,Twitter for iPhone,140,RT @calstate: ‚ÄúThree @calstate campuses are among the top 20 universities in the nation for upward mobility according to the Equality of Op‚Ä¶
410,2018-10-18 15:24:26,6,0,Twitter Web Client,198,Reminder: CPP will participate in the #GreatShakeout this morning starting at 10:18 a.m. This will include a campuswide earthquake and evacuation drill and safety alert test. https://t.co/etoFTevurx
411,2018-10-18 14:35:38,0,0,Instagram,209,Focusing on the difference if #galloping compared to #sliding by showing video in slow motion to the participant #slowmotionvideo #grossmotor #cppadaptedpe #CalPoly #calpolypomona #cpp‚Ä¶ https://t.co/PJN6wIjLpX
412,2018-10-18 14:33:56,1,0,Instagram,201,Cleaning the road of SoCal snow balls by practicing sliding. #sliding #snowball #wewantsnow #grossmotor #cppadaptedpe #CalPoly #calpolypomona #cpp #adaptedpe #physicaleducation‚Ä¶ https://t.co/NPgE1WE4GT
413,2018-10-18 14:32:54,2,0,Twitter for iPhone,133,"Hey @calpolypomona! @TwitterU is coming on campus tonight! See you soon!!! 

Make sure to save your spot üëáüèºüëáüèº https://t.co/2cADV6DcY5"
414,2018-10-18 14:32:47,0,0,Instagram,204,Working on #tandemwalk balancing by heel to toe #balance #balancebeam #grossmotor #cppadaptedpe #CalPoly #calpolypomona #cpp #adaptedpe #physicaleducation #adaptedphysicaleducation https://t.co/UXU1mYlxZf
415,2018-10-18 13:12:12,0,15,Twitter for iPhone,140,RT @calstate: ‚ÄúThree @calstate campuses are among the top 20 universities in the nation for upward mobility according to the Equality of Op‚Ä¶
416,2018-10-18 13:07:18,0,2,Twitter for Android,140,RT @BaronDana: Thank you Dr.Paul Beardsley from @BIOINTERACTIVE and @calpolypomona for sharing the storyline viewer with us as well as othe‚Ä¶
417,2018-10-18 09:28:37,3,0,Twitter for iPhone,239,Presenting with Dr. Betty Alford of @calpolypomona and on behalf of lead researcher @cngautam of @DelStateUniv on Leadership in a High Needs School in Nepal @XVCIOIE at the Universitat de Lleida in #Catalunya #Spain https://t.co/1bVY64yrDk
418,2018-10-18 07:25:33,0,0,Twitter Web Client,117,"@cppvillage Please VOTE!! 
https://t.co/KWTDNrLtth @cppbroncos @cppbroncoslive @calpolypomona https://t.co/8zXfppHvp3"
419,2018-10-18 05:45:18,0,15,Twitter for iPhone,140,RT @calstate: ‚ÄúThree @calstate campuses are among the top 20 universities in the nation for upward mobility according to the Equality of Op‚Ä¶
420,2018-10-18 05:04:53,0,3,Twitter for Android,139,"RT @calpolypomona: Innovation Orchard is a new space for student #startup teams to collaborate on #entrepreneurship goals!üí°üñ•Ô∏è‚öôÔ∏èüóúÔ∏èüìà 

It is‚Ä¶"
421,2018-10-18 04:14:26,0,15,Twitter for iPhone,140,RT @calstate: ‚ÄúThree @calstate campuses are among the top 20 universities in the nation for upward mobility according to the Equality of Op‚Ä¶
422,2018-10-18 03:59:56,0,3,Twitter for iPhone,139,"RT @calpolypomona: Innovation Orchard is a new space for student #startup teams to collaborate on #entrepreneurship goals!üí°üñ•Ô∏è‚öôÔ∏èüóúÔ∏èüìà 

It is‚Ä¶"
423,2018-10-18 03:30:18,0,15,Twitter for Android,140,RT @calstate: ‚ÄúThree @calstate campuses are among the top 20 universities in the nation for upward mobility according to the Equality of Op‚Ä¶
424,2018-10-18 00:48:00,0,15,Twitter for iPhone,140,RT @calstate: ‚ÄúThree @calstate campuses are among the top 20 universities in the nation for upward mobility according to the Equality of Op‚Ä¶
425,2018-10-18 00:44:50,0,2,Twitter for iPhone,140,RT @BaronDana: Thank you Dr.Paul Beardsley from @BIOINTERACTIVE and @calpolypomona for sharing the storyline viewer with us as well as othe‚Ä¶
426,2018-10-18 00:39:46,2,0,Twitter for iPhone,259,@BaronDana @BIOINTERACTIVE @calpolypomona @EspinosaScience @KyleRicio @bernard_biology @mrs_replogle @DrOz_CeHS I enjoyed the training and collaboration at the RCOE today.  Thank you for the great resources.  Can‚Äôt wait to implement and start using Storyline.
427,2018-10-18 00:19:17,1,0,Twitter for Android,133,Proud to be an alum of one of those campuses and a current student at another üëç @calpolypomona @csunorthridge https://t.co/cCivRlFu5m
428,2018-10-18 00:12:43,0,15,Twitter for iPhone,140,RT @calstate: ‚ÄúThree @calstate campuses are among the top 20 universities in the nation for upward mobility according to the Equality of Op‚Ä¶
429,2018-10-18 00:12:04,0,1,Twitter for iPhone,140,RT @calpolypomona: Billy Bronco surprised some CPP transfer students for National #TransferStudentWeek! @PolyTransfer https://t.co/nVhm5gJX‚Ä¶
430,2018-10-17 23:58:51,6,0,Twitter Web Client,237,"Come check out artist Sasha Raphael vom Dorpat at the Kellogg Art Gallery TOMORROW from 12-1 p.m. This is the closing reception, so this is your last chance to see his work! More info here: https://t.co/F1PF6qeAaE https://t.co/ErX0sEadUq"
431,2018-10-17 23:11:42,0,15,Twitter for Android,140,RT @calstate: ‚ÄúThree @calstate campuses are among the top 20 universities in the nation for upward mobility according to the Equality of Op‚Ä¶
432,2018-10-17 23:10:07,0,15,Twitter for Android,140,RT @calstate: ‚ÄúThree @calstate campuses are among the top 20 universities in the nation for upward mobility according to the Equality of Op‚Ä¶
433,2018-10-17 23:03:28,0,15,Twitter for iPhone,140,RT @calstate: ‚ÄúThree @calstate campuses are among the top 20 universities in the nation for upward mobility according to the Equality of Op‚Ä¶
434,2018-10-17 23:02:09,0,15,Twitter Web Client,140,RT @calstate: ‚ÄúThree @calstate campuses are among the top 20 universities in the nation for upward mobility according to the Equality of Op‚Ä¶
435,2018-10-17 22:44:16,2,0,Twitter Web Client,161,"All Tigers, listen up. This is a great way to spend a relaxing Saturday or Sunday AND get a look at one of our MOU schools @calpolypomona https://t.co/WxFMO58EHD"
436,2018-10-17 22:40:20,35,15,Twitter for iPhone,230,"‚ÄúThree @calstate campuses are among the top 20 universities in the nation for upward mobility according to the Equality of Opportunity project: @CalStateLA, @calpolypomona and @csunorthridge.‚Äù ‚Äî @GoldieStandard #GradInitiative2025"
437,2018-10-17 22:23:32,14,0,Twitter Web Client,214,"The Pumpkin patch is still open all October long, including the corn maze üåΩ , petting farm üêê , pony rides üê¥ , and hayrides üåæ on specific days!
Details and hours here: https://t.co/iX9nkjDaAt https://t.co/VUsrWq3ht7"
438,2018-10-17 21:58:01,1,0,Twitter for iPhone,89,@FulfillmentFund @westlacollege @calpolypomona @UCRiverside Impressive! Congratulations!!
439,2018-10-17 21:00:43,0,2,Twitter for iPhone,140,RT @ChaffeyLearning: It‚Äôs so exciting to see 200+ Cavs apply to college today! (Lotsa help from @CavCounselors @MontclairAVID @OntMontPS an‚Ä¶
440,2018-10-17 20:48:03,1,0,Sprout Social,196,@SDSU @CSUSBNews @CalStateEastBay @humboldtstate @sacstate @calpolypomona improved grad rates &amp; narrowed equity gaps while enrolling more students from diverse backgrounds. #GradInitiative2025
441,2018-10-17 20:41:09,11,3,Twitter Web Client,259,"Innovation Orchard is a new space for student #startup teams to collaborate on #entrepreneurship goals!üí°üñ•Ô∏è‚öôÔ∏èüóúÔ∏èüìà 

It is located at Ganesha High in Pomona in partnership with our very own iLab. 

Learn more here: https://t.co/hVnpgG9m9z https://t.co/beHF9PXfuo"
442,2018-10-17 20:23:05,0,0,Twitter Web Client,80,"@jreplog1 @CalPolyHealth Unfortunately, the flu shots are for CPP students only."
443,2018-10-17 20:19:26,0,26,Twitter Web Client,140,RT @LA_Naturalist: Consider planting a native tree as our native birds love 'em. Figure by Jordan Henry @calpolypomona based on our work @C‚Ä¶
444,2018-10-17 20:04:51,0,2,Twitter for Android,140,RT @ChaffeyLearning: It‚Äôs so exciting to see 200+ Cavs apply to college today! (Lotsa help from @CavCounselors @MontclairAVID @OntMontPS an‚Ä¶
445,2018-10-17 19:48:42,12,2,Twitter for iPhone,291,Thank you Dr.Paul Beardsley from @BIOINTERACTIVE and @calpolypomona for sharing the storyline viewer with us as well as other ready-to-go resources! #cnusdfutureready @EspinosaScience @KyleRicio @bernard_biology @mrs_replogle @DrOz_CeHS @persaud_biology #CNUSDScience https://t.co/8Qq2m5MUkM
446,2018-10-17 19:35:04,1,0,Hootsuite,311,Elizabeth is a FF transfer scholar who's a freshman @westlacollege &amp; is majoring in Computer Science. Her top choices to transfer to are @calpolypomona &amp; @UCRiverside. We‚Äôre loving how empowered Elizabeth is feeling about her future!  Like &amp; retweet if you are inspired too üôå https://t.co/DAFUPifu4Z
447,2018-10-17 19:00:30,3,0,Twitter Web Client,222,"From that same game! Matt Rosser's monster dunk! If you look closely, you can see me in the front with m #FearTheHerd shirt! More on CPP tomorrow! #GoBroncos  @calpolypomona @cppbroncos #CollegeWeek https://t.co/FjSWHov3R4"
448,2018-10-17 18:27:15,0,0,Twitter for iPhone,49,@CalPolyHealth @calpolypomona Are staff eligible?
449,2018-10-17 18:21:06,0,6,Twitter for iPhone,140,RT @MrSantos09: It's #CollegeWeek! I have to highlight the GREATEST University! Watch Mitchell Anderson's Miracle shot! @cppbroncos @calpol‚Ä¶
450,2018-10-17 18:18:39,8,1,Twitter Web Client,156,"Come support the @CPPMusic department this fall by attending one of their upcoming shows. It all kicks off tonight at 8 p.m. üéª ü•Å üé§ üéπ
https://t.co/CGv2IHG90z"
451,2018-10-17 17:49:51,0,6,Twitter for iPhone,140,RT @MrSantos09: It's #CollegeWeek! I have to highlight the GREATEST University! Watch Mitchell Anderson's Miracle shot! @cppbroncos @calpol‚Ä¶
452,2018-10-17 17:35:34,7,2,Twitter for iPhone,176,It‚Äôs so exciting to see 200+ Cavs apply to college today! (Lotsa help from @CavCounselors @MontclairAVID @OntMontPS and @calpolypomona Upward Bound! üéìüôåüèΩ https://t.co/48Ev65Hc4Z
453,2018-10-17 16:59:02,0,6,Twitter for iPhone,140,RT @MrSantos09: It's #CollegeWeek! I have to highlight the GREATEST University! Watch Mitchell Anderson's Miracle shot! @cppbroncos @calpol‚Ä¶
454,2018-10-17 16:04:13,0,6,Twitter for iPhone,140,RT @MrSantos09: It's #CollegeWeek! I have to highlight the GREATEST University! Watch Mitchell Anderson's Miracle shot! @cppbroncos @calpol‚Ä¶
455,2018-10-17 16:02:40,0,6,Twitter for iPhone,140,RT @MrSantos09: It's #CollegeWeek! I have to highlight the GREATEST University! Watch Mitchell Anderson's Miracle shot! @cppbroncos @calpol‚Ä¶
456,2018-10-17 15:46:46,6,1,Twitter Web Client,122,Billy Bronco surprised some CPP transfer students for National #TransferStudentWeek! @PolyTransfer https://t.co/nVhm5gJXez
457,2018-10-17 15:38:33,0,3,Twitter Web Client,140,"RT @CalPolyHealth: Last call for free shots, shots, shots, shots...free flu shots, that is. Make an appointment for October 22nd or 23rd. D‚Ä¶"
458,2018-10-17 15:28:22,28,6,Twitter Web Client,154,It's #CollegeWeek! I have to highlight the GREATEST University! Watch Mitchell Anderson's Miracle shot! @cppbroncos @calpolypomona https://t.co/pK9tujJIFz
459,2018-10-17 13:21:02,0,6,Twitter for Android,140,"RT @PolyTransfer: Transfer Student Leaders are excited for National #TransferStudentWeek activities to begin @CalPolyPomona!!!
Come vist us‚Ä¶"
