,timestamp,likes,retweets,source,length,sentiment,tweet
0,2018-10-28 05:14:21,0,0,Twitter for Android,113,0,I'm listening to Taylor Swift for some reason and it the country her playing tell me why I want to go hunting now
1,2018-10-28 05:14:16,0,0,Bromberries,124,1,Taylor Swift Once Tried to Cut Retta in the Bathroom Line at Golden Globes - https://t.co/3JBxKJlRa2 https://t.co/TE6EHFvh89
2,2018-10-28 05:13:56,0,0,Google,131,1,I added a video to a @YouTube playlist https://t.co/uAcWuu05OV New Orleans Saintsations - 22 (Taylor Swift) [Original Video] (2013)
3,2018-10-28 05:12:59,1,0,Twitter for Android,242,1,"hey,
just dropping by here to say

I love Kim Namjoon
I love Kim Seokjin
I love Min Yoongi
I love Jung Hoseok
I love Park Jimin
I love Kim Taehyung
I love Jeon Jungkook
I love Taylor Swift

and you can not stop me :')

@BTS_twt @taylorswift13"
4,2018-10-28 05:12:25,0,0,Twitter for iPhone,116,1,Taylor Swift‚Äôs music was better when you could believe her parents would actually get upset about who she was dating
5,2018-10-28 05:12:17,0,0,twittbot.net,141,0,"We are never ever ever... 

getting back together 

We are never ever ever... 

getting back together 
„ÄêTaylor Swift„Äë https://t.co/b8qoQqZLTj"
6,2018-10-28 05:12:02,0,0,Twitter for Android,314,-1,"@billpeduto #strongerthanhate
#4YearsOf1989
#reptoursydney
Nüö´ne of @taylorswift13 songs are
about her exs she dated or
@josalwyn
2017 if u didnt see a picture of
it, it couldnt have happened right
$13000000.00 to ‚öÄST PERSON
who can MATHEMATICALLY prove
me wrong
https://t.co/Iue6WsZZ5s
@CIA https://t.co/3Q026zfXNM"
7,2018-10-28 05:11:53,0,0,Twitter Web Client,48,1,Hi I really want a Taylor Swift inspired tattoo.
8,2018-10-28 05:11:44,0,0,Twitter for iPhone,132,1,This had to have been a dream come true for Taylor. How can it get any better than Friends and Taylor Swift? https://t.co/z32aO6DUSF
9,2018-10-28 05:11:32,0,0,twittbot.net,90,-1,"[PO s/d 15 Maret] Sweater Taylor Swift ""Polkadot Black"" Rp 160.000 https://t.co/ln3vg6Iugx"
10,2018-10-28 05:10:30,0,0,Twitter for Android,74,0,"NEVER FORGET...
1989 Taylor Swift ‚ù§
#1989WorldTour https://t.co/TnX0C9dPoA"
11,2018-10-28 05:09:56,0,0,Twitter for iPhone,80,1,"‚ÄúEverytime I don‚Äôt, I always do‚Äù - most relatable Taylor Swift lyric of all time"
12,2018-10-28 05:09:31,0,0,Twitter for iPhone,231,1,I was talking to this lady on the plane and she was like ‚ÄúI went to Melbourne for the Taylor swift concert and then three months ago she said she was going to Adelaide‚Äù and I second guessed my whole life and then I was like sis no.
13,2018-10-28 05:08:12,0,0,Twitter for iPhone,71,-1,I regret every single day not going to see Taylor Swift back in Augustüò¢
14,2018-10-28 05:07:48,1,0,Twitter for Android,67,1,"Good afternoon to dogs, and people who appreciate Taylor Swift only"
15,2018-10-28 05:06:04,1,0,Twitter for Android,114,0,"I got 13 out of 13! How do you measure up? https://t.co/VgvTFQGMu3 

@taylorswift13 @taylornation13
 #4YearsOf1989"
16,2018-10-28 05:05:54,1,0,Twitter for iPhone,103,1,I was singing along to 22 by Taylor Swift and Ashly said ‚Äúyou‚Äôre 30.  You old ass bitch‚Äù ...... :( damn
17,2018-10-28 05:05:49,0,0,Twitter for Android,46,0,Mine -taylor swift AAAAaaaaaaaaaaaaAaaaaA!!üíõüíõüíõ
18,2018-10-28 05:05:43,0,0,Google,115,1,I liked a @YouTube video https://t.co/oX7rI2UDp1 John Mayer PRAISES Ex-Girlfriend Taylor Swift's 'Reputation' Album
19,2018-10-28 05:05:28,2,0,Twitter for Android,48,0,Taylor Swift lockscreens https://t.co/tiBFIMt6GX
20,2018-10-28 05:05:20,0,0,Twitter for Android,135,1,"Retweet to vote for Taylor Swift for Best International Artist at the #ARIAs!
#ARIAsTaylorSwift 

#4YearsOf1989 https://t.co/FU5oJLVCyz"
21,2018-10-28 05:05:02,0,0,Twitter for Android,124,1,"An audio clip in my phone played, ""Hi baby! Huwag ka ng magalit. I love you!"", then All Too Well by Taylor Swift came after."
22,2018-10-28 05:04:48,1,0,Curious Cat,159,1,you had a panic attack at a Taylor Swift concert? LMFAO what s fucking loser good luck trying to get through life ‚Äî thank you i need it https://t.co/WGgJqFcEwQ
23,2018-10-28 05:04:41,2,0,Twitter for iPhone,36,0,@balladofabby Sing some Taylor Swift
24,2018-10-28 05:04:16,0,0,Curious Cat,246,-1,I would fall in love with you while taylor swift was playing in the back so fast omg and just softly play with your hai‚Ä¶ ‚Äî stop this my heart cant fucking take this. i want this so fucking bad pLease can this happen please https://t.co/c3F3Qf0veC
25,2018-10-28 05:03:38,0,0,Twitter for iPhone,98,0,"taylor swift, fearless, speak now, red, 1989, reputation ? is that correct https://t.co/nOgnqW0rai"
26,2018-10-28 05:03:17,1,0,Twitter for iPhone,87,1,@wilIholdontoyou y-you convinced me to listen to taylor swift again I feel- so soft uwu
27,2018-10-28 05:03:01,0,2,Twitter for Android,119,1,"Retweet to vote for Taylor Swift for Best International Artist at the #ARIAs!
#ARIAsTaylorSwift https://t.co/RVykLzaOVS"
28,2018-10-28 05:01:22,0,0,Twitter for Android,30,0,Taylor Swift- Back To December
29,2018-10-28 05:01:21,0,0,Twitter for iPhone,64,-1,White House by Taylor Swift is my fav I blast it all day long -b
30,2018-10-28 05:01:01,0,0,Twitter for Android,46,1,Lorde is a better songwriter than Taylor Swift
31,2018-10-28 05:00:15,0,0,Jota.fm,139,1,"aline's top 5 artists this week: Taylor Swift (6), Greta Van Fleet (5), Panic! at the Disco (5), The Cranberries (5), Radiohead (4) #jotafm"
32,2018-10-28 05:00:13,0,0,Prescie≈ãt Info,95,0,Ina Garten #Dishes on Her Friendship With Taylor Swift - #PrescientInfo https://t.co/Y7ZX9JBtVi
33,2018-10-28 05:00:01,0,0,SocialNewsDesk,173,-1,"Could #TaylorSwift get any sweeter?? @taylorswift13 Donates $15,000 to a fan to help them out because their mother has been in a coma!  https://t.co/yPOqJk5sVT @bli_belletti"
34,2018-10-28 04:59:47,2,0,Twitter for iPhone,154,1,Oomph the Taylor swift of jeongyeon stan twitter... Taylor trying to build a popsicle stick house then getting hot glue on her leg https://t.co/Cdk6ZENDlX
35,2018-10-28 04:59:35,0,0,Twitter for iPhone,105,1,"taylor swift‚Äôs old music got me thinking of the days when everyone had mp3 players or ipod shuffles,, wow"
36,2018-10-28 04:59:17,0,0,Twitter Web Client,55,0,Taylor Swift - Red https://t.co/f904WNIHiU via @YouTube
37,2018-10-28 04:59:14,0,0,Curious Cat,149,0,Taylor swift is the Salieri to the person from the Mind Bending Thumb Bending video‚Äôs Mozart ‚Äî i have no ideacwhat this means https://t.co/O3QGqJ9Zre
38,2018-10-28 04:58:51,0,0,Curious Cat,191,1,ugh I want that more than anything pls ~s üíï‚ú® ‚Äî i want that more than anything tOo im soft n gay n lonely n i wanna fall in love with taylor swift playing in the backg‚Ä¶ https://t.co/zICtYomUUB
39,2018-10-28 04:57:43,0,0,Google,96,0,I added a video to a @YouTube playlist https://t.co/BBsHjLoBlA Sugarland - Babe ft. Taylor Swift
40,2018-10-28 04:57:03,6,1,Twitter for iPhone,145,-1,billie eilish‚Äôs concept doesn‚Äôt fit her voice at all. when i‚Äôm watching her videos i expect some rico nasty type music but i‚Äôm given taylor swift
41,2018-10-28 04:56:30,0,0,WordPress.com,114,0,"Taylor Swift sweeps up American Music Awards, urges people to¬†vote https://t.co/EoHyuMDnuv https://t.co/VsNEp1TAGW"
42,2018-10-28 04:55:47,3,0,Twitter for iPhone,93,-1,Overheard dumb New Yorkers seeing the T√òP line ‚ÄúI heard Taylor Swift is here maybe that‚Äôs it‚Äù
43,2018-10-28 04:55:39,0,0,Twitter for Android,38,0,@Pintasticph reputation? Taylor Swift?
44,2018-10-28 04:54:03,0,0,Twitter for iPhone,100,0,EXHIBIT D: taylor swift is OBSSESED with cats and even has two... says a lot https://t.co/dE4l7riZXW
45,2018-10-28 04:53:53,0,0,WordPress.com,151,1,"Taylor Swift Gets Political! Manny MUA‚Äôs Brilliant Return! Get Well, Joey Graceffa! AND‚Ä¶ ‚Äì Perez¬†Hilton https://t.co/CzI04oXhNc https://t.co/5lWbLzfUyQ"
46,2018-10-28 04:53:30,0,0,Twitter Web Client,52,0,taylor swift was born the year populous was released
47,2018-10-28 04:53:24,1,0,Twitter for Android,70,-1,"Taylor Swift isnt dead, she's simply grown up. https://t.co/pN4P1zyDi5"
48,2018-10-28 04:53:14,0,0,Twitter for iPhone,89,1,ya‚Äôll ever listen to ever since new york to flex on taylor swift? https://t.co/AK1R1Bnkb0
49,2018-10-28 04:52:57,0,0,Curious Cat,260,1,it‚Äôs officially soft hours and now I want to bake with you while dancing to taylor swift and then while we‚Äôre waiting f‚Ä¶ ‚Äî im fucking GAy this is everything i want ever p le ase also i would be doing that Yes ur right i want this so abd https://t.co/LNGq9Yci3d
50,2018-10-28 04:52:55,0,0,Google,81,0,I added a video to a @YouTube playlist https://t.co/uj1bQ74q1J Taylor Swift - Red
51,2018-10-28 04:52:44,7,3,Twitter for iPhone,126,1,"I can‚Äôt remember where I parked my car, but I could tell you exactly where I was the first time I heard any Taylor Swift song."
52,2018-10-28 04:52:26,0,0,Twitter for iPhone,70,1,i‚Äôm REALLY going through it i‚Äôm deadass listing to taylor swift HELPPP
53,2018-10-28 04:50:54,0,0,Twitter Lite,140,-1,Wow it is really sad bitch hours like I'm listening to a playlist with oldschool Taylor Swift so you could probably say I've hit rock bottom
54,2018-10-28 04:50:23,0,0,Twitter Lite,257,-1,"@TheDeeKosh Late comment but, listen to U.S. singers like Taylor swift, different audio, different tempos, same topic... Now listen to BTS, different tempos, different audio, different topics... Found your answer yet Hun? Or are you still looking? „Öã„Öã„Öã Í∞êÏÇ¨Ìï©ÎãàÎã§"
55,2018-10-28 04:50:13,0,0,Twitter for iPhone,70,0,Why do I feel like Taylor Swift has a song for every moment in my life
56,2018-10-28 04:48:47,1,0,Twitter for iPhone,49,0,taylor swift is a furry: conspiracy theory thread
57,2018-10-28 04:48:17,4,0,Twitter for iPhone,114,0,"mirror mirror on the wall, even Min Yoongi can‚Äôt understand why Taylor Swift is oh so tall https://t.co/jkNRWAoJGj"
58,2018-10-28 04:48:00,0,0,Twitter for iPhone,53,0,I want to see Taylor Swift again :( #repTourMelbourne
59,2018-10-28 04:47:51,1,0,Twitter for Android,97,1,"@LadyYoucan I agree. I know Taylor Swift made a huge impact... Others I'm just like, please no. üòÖ"
60,2018-10-28 04:47:49,0,0,Twitter for Android,111,1,or I could just completely jump off the deep end and go full on Taylor swift fringe bob https://t.co/rax3bw9T8q
61,2018-10-28 04:47:28,1,0,Twitter for iPhone,217,-1,When I turned 15 i listened to fifteen by taylor swift the day i turned 15 and the last day i was 15. there‚Äôs literally no song that i‚Äôve been listening to ab being 16 that‚Äôs no fun what am i supposed to listen to now
62,2018-10-28 04:47:10,1,0,Twitter for iPhone,63,1,Love story by Taylor Swift was inspired by Kim Jungwoo (38/950)
63,2018-10-28 04:47:00,1,0,swiftestlyrics,95,-1,"""Sometimes the person you'd take a bullet for is the person behind the trigger."" - Taylor Swift"
64,2018-10-28 04:46:55,7,2,Twitter for iPhone,36,0,Taylor Swift https://t.co/Ebqm6DsGxy
65,2018-10-28 04:46:32,0,0,A Female's Opinion,89,0,"I think it's about time Taylor Swift wrote a song and called it ""Maybe I am The Problem""."
66,2018-10-28 04:46:30,0,0,Twitter for iPhone,67,1,alexa play love story by Taylor Swift &lt;3 https://t.co/9hbt0RM4wu
67,2018-10-28 04:45:58,0,0,Dinesat Social Link 1,33,-1,Ara sona Bad Blood - Taylor Swift
68,2018-10-28 04:45:56,0,0,"Cheap Bots, Done Quick!",128,-1,"I would like recommend Sad Beautiful Tragic by my favourite song writer Taylor Swift, and she cooperated with Zayn, like Breathe"
69,2018-10-28 04:45:55,0,0,Twitter for iPhone,99,0,I'm only me when I'm with you - Taylor Swift Reputation Tour 2018 (Melbo... https://t.co/VIdzb5rPFb
70,2018-10-28 04:44:13,8,1,Twitter for iPhone,101,0,"Day 1: ""A song you like with a color in the title""

- Red by Taylor Swift üòÇüòÇüòÇ https://t.co/iuFgtxUW7l"
71,2018-10-28 04:43:50,0,0,Twitter Web Client,60,-1,Taylor Swift - Delicate https://t.co/i2O1ImF7Eh via @YouTube
72,2018-10-28 04:43:11,0,0,IFTTT,110,0,TashifysPreviously in our blog: Taylor Swift‚Äôs Hair Goes Viral https://t.co/VYv6NfkO6U https://t.co/jBYJHy19RW
73,2018-10-28 04:43:09,0,0,IFTTT,88,-1,Tashifys: Previously in our blog: Taylor Swift‚Äôs Hair Goes Viral https://t.co/VYv6NfkO6U
74,2018-10-28 04:42:46,0,0,Twitter for Android,69,0,Taylor Swift X BLACKPINK. What a dream collab https://t.co/QtOzV61iz1
75,2018-10-28 04:42:22,0,0,dggasfdgahsgd,86,0,"""You, have pointed out my flaws again as if I don't already see them."" - Taylor Swift."
76,2018-10-28 04:41:45,0,0,Twitter for iPhone,46,1,Style is Taylor Swift‚Äôs best pop song. PERIODT
77,2018-10-28 04:41:44,1,0,Twitter for iPhone,147,0,"My cousin to my mom: Nambe Havannah takes me out after not going out in years, and she decides to play I Almost Do by Taylor Swift on our way there"
78,2018-10-28 04:41:24,0,0,twittbot.net,92,-1,"[PO s/d 15 Maret] Jacket Hoodie Taylor Swift ""Black Star"" Rp 165.000 https://t.co/JZFHuP4WxS"
79,2018-10-28 04:41:19,0,0,Twitter for iPhone,44,0,Taylor Swift thing üòÇ https://t.co/zczUEeAcWS
80,2018-10-28 04:41:09,0,0,TwitterAutopostb2,150,1,Now Playing: Zayn - I Don't Wanna Live Forever (&amp; Taylor Swift - Cosmic Dawn Remix) '2017' |Listen https://t.co/pJwkpxtapZ https://t.co/AitDnoRNE5
81,2018-10-28 04:40:38,0,0,Twitter for iPhone,91,0,I got 7 out of 13! How do you measure up? üòéüòé Guess I'm a taylonator https://t.co/86lnmQfxCL
82,2018-10-28 04:40:20,0,0,Twitter for iPhone,85,0,and like lemme kiss u on the cheek and dance to taylor swift while we mix ingredients
83,2018-10-28 04:39:05,0,0,Twitter Web Client,25,0,dear john // taylor swift
84,2018-10-28 04:38:57,0,0,Nelio Content,78,-1,Previously in our blog: Taylor Swift‚Äôs Hair Goes Viral https://t.co/Ryg0uKBBtO
85,2018-10-28 04:38:08,2,0,Twitter Web Client,97,0,@EnlightFundy @BDSixsmith Taylor Swift's silence about transcending the ineffable speaks volumes.
86,2018-10-28 04:37:46,0,0,Twitter for Android,75,1,thinking back about how taylor swift used to make good music got me all sad
87,2018-10-28 04:37:40,1,1,Twitter for iPhone,70,-1,I don‚Äôt want you to give me a bad reputation like taylor swift ya know
88,2018-10-28 04:37:16,2,0,Curious Cat,59,1,Best Taylor Swift album ‚Äî speak now https://t.co/gOTvdjfJ9z
89,2018-10-28 04:36:44,0,0,Twitter for iPhone,96,1,@KIIS1065 how much longer can we still win taylor swift tickets??? I‚ÄôM DESPERATE TO GO OMGGGGGGG
90,2018-10-28 04:36:35,0,0,Twitter for iPhone,109,0,@fight4USfreedom @Thomas1774Paine Will Be Taylor Swift in ten years. She writes songs about all her ex‚Äôs. Smh
91,2018-10-28 04:36:34,10,0,Twitter for iPhone,66,0,I got 0 out of 13! How do you measure up?  https://t.co/qjs9jBjnhK
92,2018-10-28 04:35:22,0,0,dangeredwolf specifications,119,1,Taylor Swift took a huge decline in the top 20 percent of canine intelligence can learn at least 250 words and signals.
93,2018-10-28 04:35:18,2,0,Twitter Lite,30,0,OUR SONG BY TAYLOR SWIFT SLAPS
94,2018-10-28 04:35:08,0,0,Twitter for iPhone,55,0,This is the Taylor swift I miss https://t.co/Hr3c0g3XAC
95,2018-10-28 04:34:12,2,0,Twitter for Android,102,0,People stop naming themselves Taylor Swift and Taylor Nation with taylor's and TN's pfps challenge üëèüëèüëè
96,2018-10-28 04:33:56,1,0,Twitter for Android,39,0,look what you made me do - Taylor Swift
97,2018-10-28 04:32:50,0,0,Twitter Web Client,60,1,Gorgeous de Taylor Swift https://t.co/NTpUbvsmMz #NowPlaying
98,2018-10-28 04:32:33,0,0,Twitter for iPhone,12,0,Taylor Swift
99,2018-10-28 04:31:34,14,0,Twitter for iPhone,229,1,finally got my college year book and now i'm regretting submitting Taylor Swift lyrics as my write-up because i couldn't be bothered to have a decent one written üò≠ lol check my re-write at the end kakaloka https://t.co/PMH3CN9PRI
100,2018-10-28 04:30:43,0,0,Google,116,0,Taylor Swift Performs on the Reputation Stadium Tour in Perth: Taylor Swift Performs on the‚Ä¶ https://t.co/1p5EpSzSY3
101,2018-10-28 04:30:06,0,0,Twitter for Android,40,0,üé¶ 14: You Belong With Me -  Taylor Swift
102,2018-10-28 04:30:06,0,0,Twitter Web Client,68,1,You're Not Sorry de Taylor Swift https://t.co/IqfgWY9EpK #NowPlaying
103,2018-10-28 04:29:57,0,0,dlvr.it,302,-1,"Watch Taylor Swift‚Äôs One-Take New ‚ÄòDelicate‚Äô Video: Minimalist Spotify exclusive follows dance-heavy first video for the single from Watch Taylor Swift's One-Take New 'Delicate' Video via Watch Taylor Swift's One-Take New 'Delicate' Video March 30, 2018‚Ä¶ https://t.co/Di7o9Yr4Fk https://t.co/kZDPohuB5V"
104,2018-10-28 04:29:34,1,0,Twitter for iPhone,101,1,I‚Äôm in that mood where I want to dance around in an oversized T-shirt and jam out to old Taylor Swift
105,2018-10-28 04:28:48,1,0,Twitter for iPhone,63,0,"Person: ‚ÄúI don‚Äôt like Taylor Swift‚Äù
Me: https://t.co/CCfNIFglBR"
106,2018-10-28 04:28:13,0,0,Twitter for Android,133,0,"Taylor Swift : 2 diamond albums
Adele : 2 diamond albums
Lady Gaga : 2 diamond singles
Katy Perry : 3 diamond singles

Ariana: Grande"
107,2018-10-28 04:28:01,0,0,Twitter for iPhone,93,0,listening to taylor swift was like being a princess lost in the woods but finds comfort in it
108,2018-10-28 04:27:27,0,0,Twitter for iPhone,35,0,"Hey Google, play Taylor Swift. üéâüíÉüèºü§™"
109,2018-10-28 04:27:04,0,0,Twitter for iPhone,108,0,"At a Halloween party at swat 
They played 
Taylor swift and Sean Mendez. 

It‚Äôs over and I feel disrespected"
110,2018-10-28 04:26:52,1,0,Twitter for iPhone,91,-1,"Someone: ‚ÄúWill you ever stop being obsessed with Taylor Swift?‚Äù
Me: https://t.co/QWWAGrO93n"
111,2018-10-28 04:26:44,0,0,celebridadesonline,88,0,Taylor Swift es rehecho para ‚ÄòBritish Vogue‚Äôs January 2018 Cover https://t.co/cV82a6FdT5
112,2018-10-28 04:26:26,3,1,Twitter for iPhone,60,0,the entire red album by taylor swift https://t.co/FR93mgwXSt
113,2018-10-28 04:26:04,0,0,Twitter for iPhone,187,1,"ü¶ã when the party‚Äôs over - billie eilish
ü¶ã goodnight and go - ariana grande
ü¶ã ...ready for it? - taylor swift
ü¶ã money - cardi b
ü¶ã woman like me - little mix
ü¶ã runnin‚Äô (interlude) - kehlani"
114,2018-10-28 04:25:43,0,0,SamReadWriteBot,46,1,Hey Taylor Swift Global thanks for the follow!
115,2018-10-28 04:25:24,0,0,twittbot.net,122,1,"""The hardest thing is when someone has you fooled so much that you think they'll never hurt you and they do.""-Taylor Swift"
116,2018-10-28 04:24:22,0,1,Twitter Lite,90,0,"@bobiztim @vivelatino Taylor Swift ... A veda! üòï 
Obvio mis padres The Chemical Brothers üòú"
117,2018-10-28 04:23:08,0,0,Twitter Web Client,112,1,@taylornation13 FOR SALE 2 SEATS  TAYLOR SWIFT TICKETS FOR SYDNEY FRIDAY 2ND NOVEMBER - MESSAGE ME IF INTERESTED
118,2018-10-28 04:22:46,0,0,Al Aire,109,1,"AlAire//ZAYN &amp; Taylor Swift - I Don't Wanna Live Forever (Fifty Shades Darker)//""https://t.co/hKcYRnfSao"""
119,2018-10-28 04:22:39,0,0,Twitter for Android,76,-1,@SamGannon87 Taylor Swift was very angry at the end. https://t.co/UfEfwH1c5r
120,2018-10-28 04:22:34,0,0,kdnfjkasndfjknj,48,0,Taylor Swift's cat ears in the '22' music video.
121,2018-10-28 04:22:26,0,0,Twitter Web Client,111,1,@taylorswift13 FOR SALE 2 SEATS  TAYLOR SWIFT TICKETS FOR SYDNEY FRIDAY 2ND NOVEMBER - MESSAGE ME IF INTERESTED
122,2018-10-28 04:22:25,0,0,Twitter Lite,200,1,How are the same people saying that Lebron James should stick to sports praising Kanye West? How are the people loving Big Jim Brown also criticizing Taylor Swift for doing essentially the same thing?
123,2018-10-28 04:22:07,0,0,yydasuyhdgasgyg,112,-1,"If your girlfriend has Taylor Swift lyrics as her status, you've either done something very right or very wrong."
124,2018-10-28 04:21:59,0,0,Twitter Web Client,113,1,@TSOfficialMerch FOR SALE 2 SEATS  TAYLOR SWIFT TICKETS FOR SYDNEY FRIDAY 2ND NOVEMBER - MESSAGE ME IF INTERESTED
125,2018-10-28 04:20:51,2,1,Twitter for iPad,97,-1,"üìÅ Documents
LüìÅ Music
LüìÅ Taylor Swift 
LüìÅ I Did Something Bad music video
L‚ö†Ô∏è This folder is empty"
126,2018-10-28 04:20:46,0,0,Twitter for Android,79,-1,Taylor Swift was very angry at the end of the OSU game! https://t.co/WG7IWcuyvx
127,2018-10-28 04:20:24,1,0,Twitter for Android,41,0,if they don't play taylor swift im sueing
128,2018-10-28 04:20:11,1,0,Twitter for iPhone,113,0,hi yes taylor swift owns my ass that is all. @taylorswift13 @taylornation13 #4Yearsof1989 https://t.co/GZnn5veJtl
129,2018-10-28 04:19:53,0,0,Twitter Web Client,112,1,Taylor Swift - ‚ÄòLook What You Made Me Do‚Äô (Live At Capital‚Äôs Jingle Bell... https://t.co/W54krMI2Ry via @YouTube
130,2018-10-28 04:19:37,4,0,Twitter for iPhone,19,0,Taylor Alison Swift
131,2018-10-28 04:18:54,1,0,Twitter for iPhone,282,1,@shadytaylegend @ThePopHub lol no she hasn‚Äôt. Whose career has she ended that people actually cared about? Her and Gaga shouldn‚Äôt even be mentioned in the same breath because they aren‚Äôt alike in any way. They‚Äôre 2 completely dofferent artists. And Taylor Swift is mediocre at best.
132,2018-10-28 04:18:46,0,0,Curious Cat,151,1,fave taylor swift song? ‚Äî i love delicate but my inner 6th grader is screaming at me to choose white horse/love story/eyes open https://t.co/b0FiVraErE
133,2018-10-28 04:18:10,0,0,Twitter for Android,46,0,Song of the Day: Blank Space by Taylor Swift ‚úä
134,2018-10-28 04:17:51,1,0,Twitter Web Client,89,0,Taylor Swift - Everything Has Changed ft. Ed Sheeran https://t.co/IFXYhN8gHb via @YouTube
135,2018-10-28 04:17:48,0,0,Twitter Web Client,80,1,Taylor Swift: Your Anything (Acoustic Live) https://t.co/Rn5m4bcJU5 via @YouTube
136,2018-10-28 04:17:32,4,0,Twitter for iPhone,92,0,Did I just buy red on vinyl to kick off Taylor swift week? Yes I did https://t.co/4olq1ZjkHt
137,2018-10-28 04:16:50,1,0,Twitter Web Client,76,0,Fever-induced thought: Taylor Swift and Michael Eisner have the same energy.
138,2018-10-28 04:16:37,0,0,Twitter for Android,235,1,"@felicitysdagger 

gorgeous - taylor swift

""and you should think about the consequence of you touching my hand in a darkened room""
+
""ocean blue eyes looking in mine, i feel like i might sink and drown and die"" https://t.co/IfwZI3GQPc"
139,2018-10-28 04:16:28,0,0,Futuri - KAJA,118,1,@BekahHearts1D We're about to play BABE by SUGARLAND / TAYLOR SWIFT! Listen &amp; Vote 4 More: https://t.co/RJUNoPjwwM
140,2018-10-28 04:15:57,0,0,Twitter for Android,90,1,"""She can't see the way your eyes, light up when you smile !"" :- Invisible by Taylor Swift."
141,2018-10-28 04:15:54,0,0,"Cheap Bots, Done Quick!",114,0,"I would like recommend Our Song by my favourite artist Taylor Swift, and she cooperated with Zayn, like Both of Us"
142,2018-10-28 04:13:16,1,0,Twitter for iPhone,137,1,Remember when TN liked my tweet with my seats and show and I thought I‚Äôd finally get to meet Taylor swift lmao boy was I boo boo the fool
143,2018-10-28 04:12:35,1,0,Twitter Lite,132,1,"Was that Taylor Swift,in ""Firelight"" ? #snlvintage I don't think I saw that #Snlhalloween She's pretty good #SNL What became of her?"
144,2018-10-28 04:12:15,0,0,Twitter for Android,126,-1,"After Dua Lipa and Blackpink's collaboration (Kiss and Make-up), Ngayon sina Taylor Swift at Blackpink naman?! Seriously?! üòçüíñüíñ"
145,2018-10-28 04:12:04,2,0,Twitter for Android,45,0,‚ú®taylor swift lyrics‚ú® https://t.co/da1ZCxXVGc
146,2018-10-28 04:12:01,1,0,Twitter for Android,93,1,i got this out of pure luck I got 7 out of 13! How do you measure up? https://t.co/AKXYWasx3T
147,2018-10-28 04:11:26,0,0,Revebla,124,1,Taylor Swift's silence on Bernie Sanders Is Partnering With A Greek Progressive To Build A New Leftist Movement is deafening
148,2018-10-28 04:10:56,0,0,Twitter Web Client,58,1,escuchando taylor swift porque welcome to new york bitches
149,2018-10-28 04:10:48,0,0,Twitter Web Client,47,1,Taylor Swift would make a great camp counselor.
150,2018-10-28 04:10:24,0,0,twittbot.net,96,1,"And I‚Äôll look back and regret how I ignored when they said, ‚ÄòRun as fast as you can‚ÄïTaylor Swift"
151,2018-10-28 04:10:14,0,0,Twitter for iPhone,66,0,I got 13 out of 13! How do you measure up? https://t.co/WoqakgGlsw
152,2018-10-28 04:09:55,0,0,Twitter Lite,73,0,"@msbrown99991 @realDonaldTrump Are you watching?

Is that Taylor Swift???"
153,2018-10-28 04:09:35,1,0,Twitter for Android,38,0,‚ú®taylor swift‚ú® https://t.co/OJBzjDHg6U
154,2018-10-28 04:09:17,0,0,Twitter for Android,65,-1,"There she goes playing the victim again. -Taylor Swift, LWYMMD MV"
155,2018-10-28 04:09:15,0,0,Twitter for iPhone,127,1,When Taylor swift harmonizes with Taylor swift and creates the most BEAUTIFUL sound in the entire world https://t.co/TjSzJ7P5dF
156,2018-10-28 04:07:54,0,0,Twitter for iPhone,47,0,Watching #snl which on is banging Taylor Swift?
157,2018-10-28 04:07:14,0,0,Twitter for iPhone,102,0,"@djmiggl at local 16. Can you play the middle (jimmy eats world), Mr. Brightside, or any Taylor Swift?"
158,2018-10-28 04:06:31,0,0,twittbot.net,116,0,"‚Äúcan u see that im the one who understand u, been here all alone so why cant u see? u belong with me‚Äù ‚Äî taylor swift"
159,2018-10-28 04:05:39,0,0,Twitter for Android,20,0,Dress - Taylor Swift
160,2018-10-28 04:05:11,0,0,Twitter for Android,147,-1,"Ariana collabs I wanna see:

Ariana and Shawn Mendes
Ariana and Nicki Minaj 6
Ariana and Frank ocean 
Ariana and Taylor Swift
Ariana and Little mix"
161,2018-10-28 04:04:44,0,0,Twitter for iPhone,52,0,taylor swift - dont blame me https://t.co/sWfZtNBWK2
162,2018-10-28 04:02:44,0,0,celebridadesonline,80,-1,Los fans de Adelaide de Taylor Swift entran en MELT DOWN https://t.co/lI6pz2gQos
163,2018-10-28 04:02:26,0,0,Twitter Web Client,66,1,Taylor Swift - ‚Ä¶Ready For It? https://t.co/EKmg8oZ1ZO via @YouTube
164,2018-10-28 04:02:11,0,0,Twitter for iPad,67,0,Is this Mine by Taylor swift sjsjshsjsjsjjs https://t.co/hzscceyHMB
165,2018-10-28 04:01:50,0,0,Google,133,1,I added a video to a @YouTube playlist https://t.co/uyQsaeq4NC First Look! Ellen Scores Deleted Scenes from Taylor Swift's 'Look What
166,2018-10-28 04:00:05,0,0,Twitter Lite,72,0,@iEccedentesiast Maza nai ha. Looking forward to Taylor swift's concert.
167,2018-10-28 03:57:52,0,0,Twitter for iPhone,106,1,I would like to dedicate tonight‚Äôs win to #44 Taylor Swift. We couldn‚Äôt have done it without you. #okstate
168,2018-10-28 03:57:16,5,0,Twitter for iPhone,77,-1,some random said taylor swift and me and lindsey looked at each other like üëÄüò≥
169,2018-10-28 03:56:39,6,0,Twitter for iPhone,70,0,Poke should play Taylor Swift over the speakers in honor of Texas #44.
170,2018-10-28 03:56:09,0,0,Twitter for iPhone,318,-1,"@kodeerants @PSYCHICTWINS @shanedawson yikes idk you dont see taylor swift out here saying ‚Äúim from pennsylvania! boohoo! im sad! me me me!‚Äù this is such a self centered mentality. you dont need to inject irrelevent personal connections to tragic events. you can share your sentiments, help out if you can, and move on"
171,2018-10-28 03:56:04,1,0,Twitter for iPhone,77,1,Someone who loves and appreciates Taylor Swift as much as me &gt;&gt;&gt;&gt;
172,2018-10-28 03:55:57,2,0,Twitter for iPhone,26,0,taylor swift is THAT bitch
173,2018-10-28 03:55:50,0,0,GrabYourTickets.net,139,0,"4 Tickets Taylor Swift 8/3/18 Rogers Centre $4,582.08 | #ConcertTickets | https://t.co/T0THloHqNX Grab Your Tickets https://t.co/Puvse6RoBw"
174,2018-10-28 03:55:18,9,2,Twitter for iPhone,111,1,"TAYLOR SWIFT LOOKING AT EACH MEMBER OF BTS.

that‚Äôs it.
that‚Äôs the tweet. ok, bye. üëÄüòóüëãüèª https://t.co/FT2rjQVdAR"
175,2018-10-28 03:55:14,2,0,Twitter for iPhone,110,0,12 DAYS UNTIL I SEE TAYLOR ALISON SWIFT WHAT IS LIFE?!?!?! üòçüòçüòç @taylornation13 @taylorswift13 #repTourAuckland
176,2018-10-28 03:55:03,0,0,Twitter for Android,58,1,name a song more superior than untouchable by taylor swift
177,2018-10-28 03:54:49,0,0,Twitter for iPhone,23,-1,Taylor Swift got angry.
178,2018-10-28 03:53:53,0,0,Twitter for iPhone,251,-1,@tangerineswft @PSYCHICTWINS @shanedawson There is no reason to be nasty like this. If your home state had a big tragedy happen I‚Äôm sure you would mention it. I‚Äôm sure Taylor Swift wouldn‚Äôt want you to have any bad blood so why don‚Äôt you shake it off?
179,2018-10-28 03:53:48,5,1,Twitter for iPhone,16,-1,TAYLOR SWIFT MAD
180,2018-10-28 03:53:46,0,0,Curious Cat,53,0,Taylor Swift ‚Äî gosto bastante https://t.co/5GgzIIfOri
181,2018-10-28 03:53:00,0,0,Twitter for iPhone,74,1,seeing old tb pics of hiddles w taylor swift makes me so uncomfy ew i cant
182,2018-10-28 03:53:00,0,0,WordPress.com,76,0,Taylor Swift @ Wembley¬†Arena https://t.co/LgpLCmtPIO https://t.co/szT7lw6ldc
183,2018-10-28 03:52:43,35,5,Twitter for iPhone,45,1,Lol Taylor Swift tried to cheap shot Corndog.
184,2018-10-28 03:52:40,1,0,Twitter Web Client,65,0,I got 8 out of 13! How do you measure up? https://t.co/v2G8Vv5fKW
185,2018-10-28 03:50:56,0,0,Twitter for iPhone,56,1,"speak now my taylor swift
-haunted
-enchanted
-long live"
186,2018-10-28 03:50:52,0,0,Twitter for Android,121,0,"@sumnswift @boybyelegendary @billboard anyways, Taylor Swift outsold and outimpacted your fave üôäüî• https://t.co/mbuOd5805I"
187,2018-10-28 03:50:50,0,0,Twitter for iPhone,46,-1,@babyouremyqueen sorry taylor swift stole them
188,2018-10-28 03:50:36,0,0,Twitter for Android,52,-1,disgusted now - taylor swift https://t.co/d8ReX0pvAU
189,2018-10-28 03:50:34,9,2,Twitter for iPhone,36,0,Taylor Swift https://t.co/RgY5HG9ANw
190,2018-10-28 03:49:24,1,0,Twitter Web Client,106,1,"#Chatpit
((( Love üòçüòçüòç &lt;3 Taylor Swift )))
Thank you, https://t.co/nOtGiskhua :] https://t.co/qRxPhajM6a"
191,2018-10-28 03:48:53,0,0,Twitter for Android,106,0,From infosec Taylor swift who locked their account over... being internet harassed https://t.co/9hb0cyrlzI
192,2018-10-28 03:48:26,0,0,Twitter for iPhone,58,0,This feels like that Back to December song by Taylor Swift
193,2018-10-28 03:47:47,0,0,Twitter for iPhone,101,0,Taylor Swift era be like:                          üëåüèæ....ü§ôüèæ.....üëÇüèæ..... üôÖüèæ‚Äç‚ôÇÔ∏è https://t.co/30UbKhOHo7
194,2018-10-28 03:47:23,0,0,sadqweqweasd,82,0,Taylor Swift has had relationships that lasted longer than Beth and her boyfriends
195,2018-10-28 03:47:02,0,0,Radio King LiveTweet,138,-1,# `En Direct Sur BordoFM Unknown - P Music Promo Taylor Swift Disclosure Sam Smith P Music Promo Taylor Swift Disclosure Sam Smith Unknown
196,2018-10-28 03:46:40,0,0,Twitter for iPhone,193,1,"@rocketrod85 @whit_em @mainpopgirls @smolniku @9NewsMelb Pop artists are going very well. Taylor Swift, Ed Sheeran and pink are selling out their tours. Pop music is not dead. It is much alive."
197,2018-10-28 03:46:26,0,0,Evergreen Post Tweeter,93,0,VIDEO: Taylor Swift's Red Lipstick Relationship Explained - Please RT https://t.co/wCgJ5RbYnV
198,2018-10-28 03:46:22,0,0,Twitter for iPhone,298,-1,@jasonf31610225 @WildHorses76 @ForAmerica The same way Kanye wears his MAGA hat &amp; all of sudden the same white conservatives‚Äîwho hated Kanye after what he did to Taylor Swift and his comments about George Bush not caring about black ppl‚Äîare now singing Kanye‚Äôs praises and are Kanye fans now. üôÑ
199,2018-10-28 03:46:15,3,0,Twitter for iPhone,75,1,I love Taylor Swift‚Äôs song Racecar off the Reputation album!!!!!!!! @jmlv96
200,2018-10-28 03:46:01,0,4,Twitter for iPhone,126,0,"What is your Favourite Song from 1989? Replying this tweet to vote for Taylor Swift and tell me!
#ARIAs #ARIAsTaylorSwift 2018"
201,2018-10-28 03:45:58,0,0,"Cheap Bots, Done Quick!",144,1,"I would like recommend All too well by my favourite artist Taylor Swift, and she cooperated with Gary Lightbody, like I Don't Wanna Live Forever"
202,2018-10-28 03:45:58,0,0,Twitter Lite,106,1,"Does anyone knows if Taylor Swift answers any messages sent to her instagram? Lol, I‚Äôm desperate for help."
203,2018-10-28 03:45:54,0,0,twittbot.net,77,0,"#MTVHottest Taylor Swift

the queen is Taylor Swift ##MTVHottest Taylor Swift"
204,2018-10-28 03:45:45,0,0,Twitter for iPhone,23,1,ngl taylor swift is hot
205,2018-10-28 03:45:02,0,0,Twitter for Android,33,1,@gillianbcn ok Taylor Swift. #smh
206,2018-10-28 03:44:56,0,0,Twitter for iPhone,44,0,I think Taylor Swift is my second fav artist
207,2018-10-28 03:44:43,0,0,Evergreen Post Tweeter,74,0,VIDEO: Which Taylor Swift BFF Are You? - Please RT https://t.co/ba7FH9qhTk
208,2018-10-28 03:43:49,1,0,Twitter for iPhone,57,-1,I find it so weird when people call Taylor ‚ÄúTaylor swift‚Äù
209,2018-10-28 03:43:46,1,0,Twitter for iPhone,72,0,‚ÄúI don‚Äôt have any sides of me that aren‚Äôt Taylor Swift‚Äù -@_christoMurphy
210,2018-10-28 03:43:13,2,0,Twitter for iPhone,282,1,"Had the best hangout with @HollyLynWalrath, @BonnieJoStuffle, James, &amp; William! They didn‚Äôt make me feel like a fifth wheel at all, and we laughed our asses off about Cats starring Taylor Swift, cats stealing LeVar Burton, and something else about cats. I forget. Anyway, #cats."
211,2018-10-28 03:42:44,0,0,Twitter Web Client,92,-1,@SwiftOnSecurity I'd like to see if any of this spills into that other Taylor Swift account.
212,2018-10-28 03:42:22,2,0,Twitter for Android,104,1,Rewatching the You Belong With Me music video and realizing Taylor swift is playing both parts is ICONIC
213,2018-10-28 03:42:03,0,0,dlvr.it,297,-1,Watch Taylor Swift‚Äôs One-Take New ‚ÄòDelicate‚Äô Video: Minimalist Spotify exclusive follows dance-heavy first video for the single from Watch Taylor Swift‚Äôs One-Take New ‚ÄòDelicate‚Äô Video via Watch Taylor Swift‚Äôs One-Take New ‚ÄòDelicate‚Äô Video‚Ä¶ https://t.co/j0kWTy1OLy #Facebook https://t.co/sl06BfdHzA
214,2018-10-28 03:41:41,0,0,Twitter for iPhone,57,1,Why does my life feel like a Taylor Swift song right now?
215,2018-10-28 03:41:40,0,0,dlvr.it,297,-1,Watch Taylor Swift‚Äôs One-Take New ‚ÄòDelicate‚Äô Video: Minimalist Spotify exclusive follows dance-heavy first video for the single from Watch Taylor Swift‚Äôs One-Take New ‚ÄòDelicate‚Äô Video via Watch Taylor Swift‚Äôs One-Take New ‚ÄòDelicate‚Äô Video‚Ä¶ https://t.co/2FDQP7K9jQ #Facebook https://t.co/8pciVIOl7d
216,2018-10-28 03:41:18,0,0,Twitter for Android,66,0,I got 13 out of 13! How do you measure up? https://t.co/0vQIGKDuNn
217,2018-10-28 03:41:09,0,0,Twitter for iPhone,141,0,"I feel like my Twitter account has been 33.3% WWE Evolution, 33.3% Taylor Swift, and 33.3% Lauren Jauregui this week. https://t.co/rXB4NeObe7"
218,2018-10-28 03:41:03,0,0,IFTTT,279,-1,"Watch Taylor Swift‚Äôs One-Take New ‚ÄòDelicate‚Äô Video https://t.co/RvNZ4T7Xka

Minimalist Spotify exclusive follows dance-heavy first video for the single

from Watch Taylor Swift‚Äôs One-Take New ‚ÄòDelicate‚Äô Video
via Watch Taylor Swift‚Äôs One-Take New ‚ÄòDelicate‚Äô Video March 30, 2018‚Ä¶"
219,2018-10-28 03:40:46,0,0,Twitter Web Client,84,-1,TAYLOR SWIFT KNOWS THAT THE END GAME IS NEAR... https://t.co/P7VvLajDx1 via @YouTube
220,2018-10-28 03:40:33,0,0,twittbot.net,67,-1,"Taylor Swift / Bad Blood ft. Kendrick Lamar
https://t.co/5DNJEFvIbb"
221,2018-10-28 03:40:29,0,0,Twitter for Android,118,0,"personal : @soapyfloor 
svt stan acc : @svtseokmns 
sf9 stan acc : @hwyngsfleurs
taylor swift stan acc : @swiftsfleurs"
222,2018-10-28 03:40:23,0,0,IFTTT,279,-1,"Watch Taylor Swift‚Äôs One-Take New ‚ÄòDelicate‚Äô Video https://t.co/iBniVHBsCu

Minimalist Spotify exclusive follows dance-heavy first video for the single

from Watch Taylor Swift‚Äôs One-Take New ‚ÄòDelicate‚Äô Video
via Watch Taylor Swift‚Äôs One-Take New ‚ÄòDelicate‚Äô Video March 30, 2018‚Ä¶"
223,2018-10-28 03:40:01,1,0,Twitter Web Client,46,0,@ScottBoehme I prefer the Taylor Swift song...
224,2018-10-28 03:39:51,0,0,Facebook,177,1,"Matt Thompson reviews Taylor Swift's recent visit to our shores. We always save the best for last here on Around The Sound üòé (AT)
https://t.co/xPQGSw1SEx https://t.co/xPQGSw1SEx"
225,2018-10-28 03:39:51,0,0,Twitter for iPhone,242,-1,"Last year I was taylor Swift 1989 era, this year I was taylor Swift Rep era. Gotta say, it‚Äôs my comfiest costume yet. All I needed was my oversized sweater and lipstick, and gel in my hair. Unfortunately I didn‚Äôt have my bangs this year ü§∑üèº‚Äç‚ôÄÔ∏è"
226,2018-10-28 03:39:04,2,0,Twitter for Android,38,0,#radiobahrain play red by taylor swift
227,2018-10-28 03:39:01,170,73,Sprout Social,273,1,"Set your alarms! ‚è∞ Tomorrow on @BigMachineRadio, we'll be listening to Taylor Swift's first five albums in order, plus stories behind the songs, memories of each era, and fun facts!  It all begins at 7AM EST at https://t.co/cLBzQ3U3kf! #4YearsOf1989 https://t.co/5MmGeQrZ5V"
228,2018-10-28 03:38:15,1,0,Twitter for iPhone,101,1,"Naomi Watts, Taylor Swift, and most of all‚Äîmy doppelg√§nger Jennifer Morrison. https://t.co/F3c1LmvqWu"
229,2018-10-28 03:37:49,3,1,Twitter Web Client,131,0,"‚û• STEFAN APPRECIATING YOUR TAYLOR SWIFT OF HELL, WHAT A COUPLE, MAN!""

     ""let's play 'caroline trivia'."" https://t.co/RWzp4f0izo"
230,2018-10-28 03:37:27,1,0,Twitter for iPhone,100,1,fuck halloweekend. this weekend is ‚Äúit‚Äôs finally okay to play Taylor Swift at the function again‚Äùend
231,2018-10-28 03:37:14,6,0,Twitter for iPhone,59,0,"*walks into bar*
‚ÄúAre you Taylor Swift?‚Äù
*walks out of bar*"
232,2018-10-28 03:37:01,0,0,Radio King LiveTweet,158,-1,# `En Direct Sur BordoFM Unknown - P Music Promo One Direction Taylor Swift Adele 070bpm.mp3 P Music Promo One Direction Taylor Swift Adele 070bpm.mp3 Unknown
233,2018-10-28 03:35:58,2,0,Twitter for iPhone,74,0,Remember when Taylor brought this up to you in nyc https://t.co/QLHg5J149f
234,2018-10-28 03:35:42,1,0,Twitter for iPhone,302,-1,@virtualstatman @Andrew_Urban @philwest @shawncollins @canbeadick @ChrisBils @COTA @statesman Do you believe Taylor Swift drew 80k? Did you ever see COTA announce her concert attendance? How do you count a wrist band with no bar code? I feel sorry for the folks holding up Epstein‚Äôs iniquitous schemes.
235,2018-10-28 03:35:25,0,0,Twitter for iPhone,55,0,He‚Äôs purifying this place after Taylor swift cursed it.
236,2018-10-28 03:35:23,3,0,Twitter Web Client,97,-1,"Bruised my foot and am in bed listening to all the sad Taylor Swift songs.

Solid Saturday night."
237,2018-10-28 03:35:05,0,0,Google,108,1,"I liked a @YouTube video https://t.co/el3y10n2sb POP SONG REVIEW: ""Look What You Made Me Do"" by Taylor Swift"
238,2018-10-28 03:34:53,0,0,Twitter for iPhone,47,1,Listening to Taylor Swift very loudly and idgaf
239,2018-10-28 03:34:25,2,0,Twitter for Android,43,0,I'm going to a Taylor Swift concert someday
240,2018-10-28 03:34:21,1,0,Twitter for iPhone,42,0,@softsparrillas taylor swift gif usage: A+
241,2018-10-28 03:34:16,2,0,Twitter for iPhone,133,1,"@zitties ALL excellent. zayn crackhead cannot relate whatsoever, the taylor swift collab money ran out. stop tweeting and take a bath"
242,2018-10-28 03:34:02,2,0,Twitter Web Client,27,1,I MISS TAYLOR SWIFT SO MUCH
243,2018-10-28 03:34:01,0,0,Twitter for Android,153,0,@kingofmyheeart I think l found it l googled it as Taylor Swift unreleased songs mp3 download and it says Taylor Swift unreleased songs 2011 hq download.
244,2018-10-28 03:33:45,1,0,Twitter for iPhone,63,1,"red by taylor swift
-state of grace
-the lucky one
-holy ground"
245,2018-10-28 03:32:32,0,0,Twitter for Android,140,0,"@taylorswift13 Ms.taylor swift someone was pretending to be you asking for my address, bank login info, and cell phone Number@TaylorSwift077"
246,2018-10-28 03:32:09,0,0,Twitter for iPhone,169,-1,Your name is proof that youre some disgusting fat ass bitch that gets no dick. Your opinion on music isnt valid you listen too taylor swift. Next https://t.co/bRQAJFueeR
247,2018-10-28 03:31:46,0,0,Curious Cat,113,1,Who has been significant in your life? ‚Äî taylor swift. and like all my friend too i Guess https://t.co/LPfGwGQwcw
248,2018-10-28 03:31:35,0,0,Radio.co now playing,79,1,"Taylor Swift - Look What You Made Me Do

LISTEN LIVE!!!
https://t.co/QAIaS5e077"
249,2018-10-28 03:31:04,0,0,Twitter for iPhone,56,0,The Story of Us - Taylor Swift üò≠ https://t.co/x0FGMSVDIG
250,2018-10-28 03:31:00,2,0,Twitter for iPhone,99,1,"‚ÄúDon‚Äôt come for Taylor Swift right now‚Äù 
‚ÄúShe‚Äôs a shitty singer‚Äù 
‚ÄúWell, you‚Äôre a shitty human‚Äù 
üò≠ü§ß"
251,2018-10-28 03:30:51,4,1,Twitter for iPhone,204,1,DEVERS HASN‚ÄôT DONE SO WELL SINCE HE TURNED 22 SO WHEN HE CAME UP TO BAT I PLAYED 22 BY TAYLOR SWIFT AND THEY ARE WINNING. HOLY SHIT. DEVERS IS FEELING 22 NOW. YOU‚ÄôRE WELCOME. #worldseries #dodamage #gosox
252,2018-10-28 03:30:12,1,0,Twitter for iPhone,71,0,Taylor Swift hates me because I don't like cats and Pumpkin Spice Latte
253,2018-10-28 03:29:59,0,0,Twitter for iPhone,80,1,Happy birthday to the greatest pop album of all time ‚Äú1989‚Äù by miss Taylor Swift
254,2018-10-28 03:29:21,0,0,Twitter Web Client,65,1,#NowPlaying New Romantics by Taylor Swift https://t.co/CPnlhItikO
255,2018-10-28 03:29:20,0,0,Radio.co now playing,23,1,Taylor Swift - Gorgeous
256,2018-10-28 03:28:22,0,0,Twitter for Android,49,0,No air - jordin sparks ft. Breathe - taylor swift
257,2018-10-28 03:28:15,0,0,Google,106,-1,I added a video to a @YouTube playlist https://t.co/RYESG4ZT9w Taylor Swift - Bad Blood ft. Kendrick Lamar
258,2018-10-28 03:27:22,0,0,Futuri - WEZL,133,1,@BekahHearts1D Best part of today? Your song BABE by SUGARLAND / TAYLOR SWIFT is about to play on 103.5 WEZL! https://t.co/gPXSne8OdS
259,2018-10-28 03:27:11,1,0,Twitter for iPhone,179,1,@vfacundo @Andrew_Urban @philwest @shawncollins @canbeadick @ChrisBils @COTA @statesman By making F1 a free accessory of a Taylor Swift / Justin Timberlake / Bruno Mars ticket (?)
260,2018-10-28 03:25:46,4,0,Twitter for iPhone,90,1,The Haunting of Hill House has almost as many hidden images as a Taylor Swift music video.
261,2018-10-28 03:25:00,1,0,Twitter Web Client,155,1,"@Jake_Vig So many: ""Vision of Love"" by Mariah Carey, ""Red"" by Taylor Swift, ""Goodbye"" by Who Is Fancy, ""I'm Not the Only One"" by Sam Smith. I loooooove pop"
262,2018-10-28 03:24:30,2,0,Twitter for iPhone,62,0,*scrolls through Taylor swift stan twitter at party at age 23*
263,2018-10-28 03:24:15,0,0,Kongalytics_hub ,136,-1,"Celebrating 4 years of ‚Äò1989‚Äô¬†üéâ How Taylor Swift Shook Off Her Past And Hit New Peaks Of Artistry
@TaylorSwift13 https://t.co/s8gsyV20wE"
264,2018-10-28 03:23:52,0,0,"Cheap Bots, Done Quick!",69,1,Thanks to instagram. I know now what Taylor Swift bathroom looks like
265,2018-10-28 03:23:52,1,0,Twitter for iPhone,126,-1,taylor swift being the only person drunk in her own little world is always gonna be the funniest thing https://t.co/2unfFVHlte
266,2018-10-28 03:23:51,1,0,Twitter Web Client,57,-1,casually watching the lorax because taylor swift is in it
267,2018-10-28 03:23:42,1,0,Twitter for Android,53,0,"@LAURENPORRO;
look what you made me do - taylor swift"
268,2018-10-28 03:23:36,0,0,Twitter for iPhone,193,1,8 years ago I made a status saying how much I love Taylor swift and I see her in less than 2 weeks for the first time ever. I‚Äôm beyond excited üòçüòç #repTourAuckland @taylornation13 @taylorswift13
269,2018-10-28 03:23:31,0,0,Twitter for iPhone,216,1,I have Halloween off so what should I do? I was hoping to work and see the cute little kids come in the store and see their costumes. But I‚Äôll be handing out candy and playing Taylor Swift as they come up to the door
270,2018-10-28 03:23:25,1,0,Twitter for iPhone,78,-1,im sorry but the power my profile picture has...... imagine being taylor swift
271,2018-10-28 03:23:11,0,0,Twitter for Android,139,0,"@starlight13ts Here‚Äôs a playlist for you‚Ä¶ Celebration: A Week Of Taylor Swift Milestones by Big Machine Label Group
https://t.co/Fx5jYr37YU"
272,2018-10-28 03:23:06,0,0,Twitter Web Client,70,0,"When someone asks why I like Taylor Swift

me: https://t.co/C9ffqJiwch"
273,2018-10-28 03:22:47,1,0,Twitter for iPhone,19,1,i love taylor swift
274,2018-10-28 03:22:44,0,0,Google,116,1,I added a video to a @YouTube playlist https://t.co/1uy1V6543S Taylor Swift - Look What You Made Me Do (Lyric Video)
275,2018-10-28 03:22:18,0,0,Twitter Web Client,106,0,"All I can say is I was enchanted to meet you
Enchanted de Taylor Swift https://t.co/aRDPa4zbpw #NowPlaying"
276,2018-10-28 03:22:16,0,0,Twitter for iPhone,82,0,"@prfectlylostinu THEY HAVE 4 ARIANA GRANDE ALBUMS BUT NO TAYLOR SWIFT, I call bull"
277,2018-10-28 03:21:31,0,0,Twitter for  iPhone,95,0,Look What You Made Me Do by Taylor Swift is a song about not accepting personal responsibility.
278,2018-10-28 03:21:22,0,0,Google,110,-1,I added a video to a @YouTube playlist https://t.co/3Wo9VkhiNU TAYLOR SWIFT KNOWS THAT THE END GAME IS NEAR...
279,2018-10-28 03:21:20,1,0,Twitter for Android,59,0,"@addictscamriana;
all you had to do was stay - taylor swift"
280,2018-10-28 03:20:55,0,0,Twitter for Android,56,1,@penizbutterfly Yeah Taylor Swift's music is really good
281,2018-10-28 03:20:44,0,0,Twitter Web Client,73,0,Call It What You Want de Taylor Swift https://t.co/KaEaR2iz06 #NowPlaying
282,2018-10-28 03:20:43,1,0,Twitter for iPhone,142,0,"well my ranking are 

reputation &gt;&gt; RED &gt;&gt; 1989 &gt;&gt; Speak Now &gt;&gt; Fearless &gt;&gt; Taylor Swift https://t.co/mwtD7KAASV"
283,2018-10-28 03:20:33,0,0,LDR - WGAR,159,0,@BekahHearts1D Stop what you're doing and listen to Cleveland's Country - 99.5 WGAR! BABE by SUGARLAND / TAYLOR SWIFT is about to play! https://t.co/yrBvPGSSl9
284,2018-10-28 03:20:24,0,1,twittbot.net,100,1,‚ÄúI have a lot of rules placed on my life and I just choose not to apply rules to love.‚Äù-Taylor Swift
285,2018-10-28 03:19:11,0,0,Twitter for iPhone,46,0,@dodgers_randi Sounds like a Taylor Swift song
286,2018-10-28 03:18:26,0,0,LDR - WBBS,127,-1,@BekahHearts1D BABE by SUGARLAND / TAYLOR SWIFT is playing in a few mins on B104.7 Listen &amp; Vote at https://t.co/8JpIXHStTZ
287,2018-10-28 03:17:18,0,0,Futuri - WFUS-FM,136,1,@BekahHearts1D Love what you picked! We're playing BABE by SUGARLAND / TAYLOR SWIFT because of you! Listen Live: https://t.co/lCWaNGWyHH
288,2018-10-28 03:17:12,22,3,Twitter Web Client,287,0,"[üåè] Artistas femeninas con m√°s stream en Spotify mundialmente (Oct. 26):

1. Lady Gaga 15.23m
2. Dua Lipa 10.76m
3. Ariana Grande 9.85m
3. Selena Gomez 9.85m
5. Halsey 8.54m
6. Cardi B 7.64m
7. Rihanna 6.96m
8. Sia 6.95m
9. Taylor Swift 6.9m
10. Nicki Minaj 6.65m https://t.co/M4U5IK8KXQ"
289,2018-10-28 03:16:19,1,0,Twitter for iPhone,63,-1,@AThirdCharles She could have at least put on some Taylor Swift
290,2018-10-28 03:15:56,0,0,"Cheap Bots, Done Quick!",121,0,"I would like recommend Speak Now by my favourite album Taylor Swift, and she cooperated with Colbie Caillat, like Breathe"
291,2018-10-28 03:15:50,0,0,Google,91,1,I liked a @YouTube video https://t.co/Lu6H5RLjRY Call it What You Want (Taylor Swift Cover)
292,2018-10-28 03:15:42,0,0,twittbot.net,71,1,"#MTVHottest Taylor Swift
#MTVHottestTaylorSwift

We Love Taylor Swift!!"
293,2018-10-28 03:15:33,0,0,Futuri - WKKT,149,0,"@BekahHearts1D Stop what you're doing and listen to WKKT-FM Charlotte, NC! BABE by SUGARLAND / TAYLOR SWIFT is about to play! https://t.co/CW9qS9jjUR"
294,2018-10-28 03:15:29,1,0,Twitter for iPhone,101,1,I LOVE YOU SO MUCH TAYLOR SWIFT @taylorswift13 @taylornation13 NEED NEW MERCH https://t.co/AjHzmJmqYE
295,2018-10-28 03:14:26,0,0,Twitter for Android,24,1,Taylor Swift is amazing!
296,2018-10-28 03:12:56,8,0,TweetDeck,143,-1,"taylor: you dumb bitch. you absolute moron. you're such an idiot it baffles me. how do you survive liek that?
me: taylor swift i lvoe your work"
297,2018-10-28 03:12:48,0,0,Twitter Web Client,75,0,Blank Space - Taylor Swift Flute Cover https://t.co/M6S3qYcZ1Y via @YouTube
298,2018-10-28 03:12:09,0,0,Twitter for iPhone,166,-1,"@SicSpencer @charliekirk11 Taylor Swift was attacked for endorsing Democrats.  Why y‚Äôall hate women?  
(This is sarcasm.  But it‚Äôs what you‚Äôre accusing Democrats of.)"
299,2018-10-28 03:12:07,1,0,Twitter for Android,269,-1,"me: I‚Äôm going to stop getting upset for every stupid little thing that happens in my life

me: 
     üìç
        üìè      (bad thing happens)
             üìè          
                  üìè
                        üìçCries while listening to the sad songs of Red by Taylor Swift"
300,2018-10-28 03:11:13,0,0,Twitter for iPhone,129,1,anyways my point is that i love taylor swift and 1989 is her best album....ok i‚Äôll shut my fat ass up now https://t.co/uH2AmoDf7f
301,2018-10-28 03:11:13,2,1,Twitter for iPhone,82,0,Seungkwan the same age rn as taylor swift was when she released you belong with me
302,2018-10-28 03:10:42,1,0,Twitter for Android,171,0,My Saturday night.... World Series on and listening to Taylor Swift's catalogue on shuffle. #8YearsOfSpeakNow #4YearsOf1989 #6YearsOfRED #12YearsOfTaylorSwift #WorldSeries
303,2018-10-28 03:10:25,0,0,twittbot.net,121,-1,"Sophistication isn‚Äôt what you wear, or who you know, or pushing people down to get you where you want to go‚ÄïTaylor Swift."
304,2018-10-28 03:10:23,4,0,Twitter for iPhone,91,-1,The worst part about turning 22 is that at least 4 people have mentioned Taylor Swift to me
305,2018-10-28 03:10:19,1,0,Twitter for Android,36,1,"@camilabboluda;
clean - taylor swift"
306,2018-10-28 03:10:10,0,0,Twitter for iPhone,66,0,I got 12 out of 13! How do you measure up? https://t.co/UvLD3H9f5Z
307,2018-10-28 03:09:43,0,0,twittbot.net,57,0,"Taylor Swift - You Belong With Me
https://t.co/6Qs3tJ0Nc1"
308,2018-10-28 03:09:34,1,0,Twitter for iPhone,112,1,"on this day four years ago, taylor swift released the best pop album of the 21st century https://t.co/Oi6W39Fiap"
309,2018-10-28 03:09:22,0,0,Twitter for Android,45,1,"@raindropcsmila;
ready for it? - taylor swift"
310,2018-10-28 03:08:30,2,0,Twitter for Android,66,1,Not that anyone cares but I love Taylor Swift so much like DEADASS
311,2018-10-28 03:08:24,0,0,Curious Cat,267,1,there‚Äôs literally so many people that like you and I feel like if I ever said anything you would never give me the chan‚Ä¶ ‚Äî this isNT FAIR you know the way to my heart is being gay while listening to taylor swift this actually made me melT. an‚Ä¶ https://t.co/f6iYSPFqEu
312,2018-10-28 03:08:23,8,2,Twitter for iPhone,127,1,the amish in 300 years when pop music has started to reach them: I can‚Äôt believe we‚Äôre alive at the same time as taylor swift üòÅ
313,2018-10-28 03:07:56,1,0,Instagram,57,0,"Who‚Äôs the prettiest, Taylor Swift https://t.co/YOBBwWO4fr"
314,2018-10-28 03:07:22,1,0,Twitter for iPhone,129,1,y‚Äôall probably don‚Äôt care but taylor swift looked at me like this on friday night :‚Äô‚Äô) i love her so much https://t.co/KOjXKBjssM
315,2018-10-28 03:06:16,2,3,Twitter for Android,68,-1,"uma boa noite para citar taylor swift
I DON'T LIKE YOUR LITTLE GAMES"
316,2018-10-28 03:06:12,4,3,Twitter for iPhone,101,1,olicities are really out there making kc their own version of Taylor Swift I- https://t.co/M251cOoxiJ
317,2018-10-28 03:05:58,1,1,Twitter for iPhone,192,1,"That‚Äôs the magic of Taylor Swift albums; even if one of them is your least favorite, you still like it anyway because there‚Äôs no such thing as a bad Taylor Swift album. https://t.co/f8JAsTpDPV"
318,2018-10-28 03:05:21,0,0,Twitter Web Client,129,1,"henrique's top 5 artists this week: Rihanna (106), Taylor Swift (49), Lady Gaga (44), Little Mix (37), Ariana Grande (33) #jotafm"
319,2018-10-28 03:03:49,1,0,Twitter for Android,147,1,"i am ot4 stan but i like taylor swift so much! i follow (not much) her career in instagram, my love for her isn't the same as my love for ot4, but-"
320,2018-10-28 03:03:26,2,0,Twitter for iPhone,164,0,"people/things i stan: 
harry styles 
timothee chalamet 
taylor swift
john mulaney 
dear evan hansen 
hamilton 
ezra miller 
david dobrik 
one direction 
niall horan"
321,2018-10-28 03:02:55,0,0,Twitter for Android,90,1,"Taylor Swift harmonized with herself. Epic moment üíô

#4YearsOf1989 https://t.co/KuPYWHfqUx"
322,2018-10-28 03:01:56,3,0,Twitter Web Client,156,1,im really just curling up in my is this the end of all the endings blanket and rep hoodie and daydreaming abiut girls im truly gay taylor swift trash. truly
323,2018-10-28 03:01:20,1,10,Twitter for Android,69,0,"Taylor meets Alisonüíû
#ARIAsTaylorSwift #ARIAs https://t.co/1vbML87wA2"
324,2018-10-28 03:00:55,0,0,Tumblr,128,0,üì∑ piecesintoplaces: ‚ÄúThese songs were once about my life. They are now about yours.‚Äù ‚ÄîTaylor Swift in... https://t.co/ObeQ5uz8Ly
325,2018-10-28 03:00:37,4,0,Twitter for iPhone,231,0,"The only thing I‚Äôm being for Halloween this year is the type of person that stays in and listens to Taylor swift and drinks wine and living vicariously through everyone else‚Äôs costumes 

So yeah, I guess im dressed up as a ~winner~"
326,2018-10-28 03:00:34,0,0,twittbot.net,98,0,I wish all teenagers can filter through songs instead of turning to drugs and alcohol‚ÄïTaylor Swift
327,2018-10-28 03:00:23,0,0,SamReadWriteBot,143,0,"https://t.co/rm9ziHnT9W 2018 will have networking spaces on Taylor Swift, bootcamps on Python and R languages, and men‚Ä¶ https://t.co/1YZMJ60QMF"
328,2018-10-28 03:00:17,0,0,Soccer Rumours,95,1,Taylor Swift tweeted a picture of her penguin to Keira Knightley and the Internet nearly broke!
329,2018-10-28 02:59:57,3,0,Twitter for iPhone,67,-1,fucking Shake It Off by T. ‚ÄúTaylor Swift‚Äù Swift is a God damned BOP
330,2018-10-28 02:59:39,0,0,Twitter Web Client,112,0,Millennial Expert Brian Bosch√© On How Taylor Swift Missed The Mark | Huc... https://t.co/OXg0Oj0AuX via @YouTube
331,2018-10-28 02:59:23,0,0,Twitter for iPhone,66,0,This is just my monthly reminder that I would die for Taylor swift
332,2018-10-28 02:59:16,3,1,Twitter Web Client,64,0,#NowPlaying Shake It Off by Taylor Swift https://t.co/DMaDBNTg0C
333,2018-10-28 02:59:12,0,0,Twitter for iPhone,237,-1,"i had a dream taylor swift was coming to sg and all my friends got cat1 tickets but i got cat2 tickets and i was crying,, the tickets were like $300+ ughh i want her to perform here but Os are coming and idw to go broke hhh maybe ts7 üòî‚úäüèª"
334,2018-10-28 02:59:01,5,1,Twitter Web Client,223,1,Thank you guys so much for hanging out with us today to celebrate Taylor Swift's #4YearsOf1989! We had so much fun talking to you guys about some of the album's achievements! Stream it on Spotify now https://t.co/ftNjUyfBBf
335,2018-10-28 02:58:09,3,0,Twitter Web Client,134,0,@mornin_w @seoknecks @purplepastelss DATE NIGHT IS OVER. AND WE ARE NEVER EVER GETTING BACK TOGETHER (stream WARNEGBT by taylor swift)
336,2018-10-28 02:58:03,1,0,Twitter for iPhone,50,1,"@bngtnacon
blank space-taylor swift
(old but gold)"
337,2018-10-28 02:57:51,2,0,Twitter for iPhone,74,0,Can they please make rolling papers that are just pictures of Taylor Swift
338,2018-10-28 02:55:42,0,6,Twitter Web Client,280,1,"i'm late to the party, but four years ago, on this date, my queen taylor swift released the 1989 album, which is (btw) by far my favorite album of all time. everything about the album was flawless, ranging from the lyrics to the music videos #4YearsOf1989 #ARIAsTaylorSwift #ARIAS"
339,2018-10-28 02:55:38,0,0,Google,133,1,Me ha gustado un v√≠deo de @YouTube (https://t.co/L6EIw6iTlE - LOOK WHAT YOU MADE ME BREW - A Disney Villains /Taylor Swift Unexpected
340,2018-10-28 02:55:19,0,0,Twitter for iPhone,71,-1,"reputation - taylor swift; 

- getaway car 
- new years day 
- delicate"
341,2018-10-28 02:55:12,0,0,Twitter for iPhone,66,0,I got 13 out of 13! How do you measure up? https://t.co/cobRNZDSOJ
342,2018-10-28 02:54:30,0,0,Twitter for iPhone,54,0,imagine someone bumping Taylor Swift during a drive by
343,2018-10-28 02:54:25,0,0,Al Aire,61,0,"AlAire//Taylor Swift - Blank Space//""https://t.co/hKcYRnfSao"""
344,2018-10-28 02:54:06,0,0,Twitter Web Client,33,1,i want more taylor swift mutualsüò≠
345,2018-10-28 02:53:50,1,0,twittbot.net,47,0,Taylor swift is the only rapper I can relate to
346,2018-10-28 02:53:48,14,0,Twitter for iPhone,314,0,"collabs we need soon :

post molane, drake, &amp; cardi b

camila cabello &amp; taylor swift

lady gaga &amp; madonna

nicki minaj &amp; melanie martinez

ariana grande &amp; mariah carey

justin bieber &amp; zedd

alessia cara &amp; lana del rey

britney spears &amp; christina aguliera

normani &amp; demi lovato"
347,2018-10-28 02:53:15,0,0,Twitter for iPhone,85,0,@getawayhrry in the same night you met Taylor swift? She said Australian lives matter
348,2018-10-28 02:50:26,0,0,Twitter for iPhone,90,0,"@taylorswift13 @robbiewilliams Taylor Swift, report completed!
There are no fakes in this."
349,2018-10-28 02:50:19,0,0,Twitter for iPhone,28,1,taylor swift said it better.
350,2018-10-28 02:48:32,2,0,Twitter for Android,23,0,Taylor Swift playlistüíïüéß
351,2018-10-28 02:47:47,3,0,Twitter Web Client,83,0,"Close your eyes and listen.
Taylor Swift - Back To December https://t.co/1yBWDCEtgu"
352,2018-10-28 02:47:02,0,0,Twitter Web Client,65,1,Taylor Swift - New Romantics https://t.co/QEKvxpIA3O via @YouTube
353,2018-10-28 02:47:02,0,0,Twitter for iPhone,88,-1,The power of Taylor Swift is having a stroke every time you hear the song Bad Reputation
354,2018-10-28 02:46:58,0,0,Curious Cat,70,0,TAYLOR SWIFT ‚Äî that‚Äôs miss taylor swift to you https://t.co/dXQBfRjKlv
355,2018-10-28 02:46:56,2,0,Twitter Web Client,63,0,#NowPlaying Blank Space by Taylor Swift https://t.co/qg6q1degrd
356,2018-10-28 02:46:38,0,0,Tumblr,72,0,üì∑ seethestarlights: Taylor Swift for People 2008 https://t.co/RDQcaAI2Xc
357,2018-10-28 02:46:31,5,0,Twitter for iPhone,83,1,Ok! We need to go Taylor Swift &amp; Shake it off! Need to build on our 1 run lead!
358,2018-10-28 02:46:29,0,0,Twitter for Android,239,1,"I'm a fan of:

-Justin Bieber
-Dave Franco
-Taylor Lautner
-Taylor Swift
-Aj Rafael
-Channing Tatum
-Justin Timberlake
-Harry Potter
-Twilight
-Parokya ni Edgar
-Sword Art Online
-RnB musics
-Rock musics
-and many more

But, NO ONE KNOWS.üôÖ"
359,2018-10-28 02:46:28,1,0,quorn_bot,131,1,"ENTERTAINMENT: Taylor Swift criticised for trying to steal a fire engine on stage. ""Death isn't good enough"" says sister of victim."
360,2018-10-28 02:45:55,0,0,"Cheap Bots, Done Quick!",122,0,"I would like recommend State of Grace by my favourite song writer Taylor Swift, and she cooperated with Zayn, like Breathe"
361,2018-10-28 02:44:35,0,0,IFTTT,140,0,Taylor Swift Calls Kim A Liar ‚Äî Says Kardashian Is ‚ÄòUnder Pressure In Her Marriage skapades nyss av CassandraMatting https://t.co/I7JmQYfMYg
362,2018-10-28 02:44:26,1,0,Twitter for iPhone,128,1,throwback to my first taylor swift concert to appreciate #4Yearsof1989 üíúüòç @taylornation13 @taylorswift13 https://t.co/bM6ByKqEHT
363,2018-10-28 02:44:18,0,0,WordPress.com,79,0,Taylor Swift ‚Äì Back To¬†December https://t.co/Oz2ACwpIJQ https://t.co/24y2Qilc6x
364,2018-10-28 02:44:14,0,0,WordPress.com,68,0,Taylor Swift ‚Äì¬†Style https://t.co/RSiIwt9z3m https://t.co/smtBDA6Dt0
365,2018-10-28 02:43:52,2,0,Twitter Web Client,166,1,"Still a SWIFTY UNTIL THE DAY I DIE!!! But a proud REPUBLICAN Swifty! Taylor Swift is my idol. Love country music, God (a man), country, the Constitution and Minecraft"
366,2018-10-28 02:43:43,0,0,Twitter for iPhone,34,0,@bitchinaddi yas it‚Äôs Taylor Swift
367,2018-10-28 02:42:59,0,0,Twitter for iPhone,113,-1,"@EthanDolan But I mean, like, he‚Äôs as tall as Taylor Swift or whatever and she wouldn‚Äôt be mistaken as a child so"
368,2018-10-28 02:41:56,9,0,Twitter for iPhone,69,1,i got a positive VIRAL taylor swift tweet. where is my purple heart ü§ß
369,2018-10-28 02:41:06,0,0,Google,74,1,I liked a @YouTube video https://t.co/x7eEDwAeDw Taylor Swift - Love Story
370,2018-10-28 02:40:48,0,0,Twitter for iPhone,89,-1,i literally sing last kiss by taylor swift every time im in the shower. i think im sad i-
371,2018-10-28 02:40:47,2,0,Twitter for iPhone,52,0,Tomorrow I execute phase 2 of operation TAYLOR SWIFT
372,2018-10-28 02:39:50,0,0,Twitter Web Client,166,-1,"@britneyspears Taylor Swift is like reading the newspaper about her in the living room, while your wife is in a complex fetish routine in the bedroom with the doorman"
373,2018-10-28 02:39:26,0,0,Twitter for iPad,97,0,"How Well Do You Actually Remember Taylor Swift's ""1989""? https://t.co/ZjVuNAy8eZ via @eleanorbate"
374,2018-10-28 02:39:21,1,0,Twitter Web Client,101,1,"@BigMachine We Love you guys! Taylor Swift is our national anthem
 We sing her proudly! #4YearsOf1989"
375,2018-10-28 02:39:16,0,0,Twitter for Android,51,0,@kptoxic Taylor swift KKKKKKKKKKKKKKKKKKKKKKKKKKKKK
376,2018-10-28 02:39:10,0,0,Twitter Lite,113,1,"@beccahopes true, it also sounds like a good thing to say when someone asks you a question involving taylor swift"
377,2018-10-28 02:38:58,1,0,Twitter for iPhone,86,-1,"@SoSofieFatale Sorry, magat.  Have someone read this to you.  
https://t.co/pxIJ0Hfvbv"
378,2018-10-28 02:38:15,0,0,Google,108,1,Saya suka video @YouTube https://t.co/Y34GDu85xV I Dont Wanna Live Forever - Taylor Swift &amp; ZAYN (Cover)
379,2018-10-28 02:37:10,1,0,All Hits ,104,1,"On Air
 ‚ô´ Zayn  Taylor Swift I Don't Wanna Live Forever (Fifty Shades Darker) https://t.co/mRaFt6cEhz
 üéß"
380,2018-10-28 02:37:06,0,0,twittbot.net,139,0,"Cause all I know is we said, ""Hello."" And your eyes look like coming home All I know is a simple name Everything has changed ~ Taylor Swift"
381,2018-10-28 02:37:00,3,1,Twitter for iPhone,89,-1,When Taylor Swift sang ‚Äú Guess I'll just stumble on home to my cats..alone‚Äù I felt that.üòÇ
382,2018-10-28 02:36:31,0,0,Twitter for iPhone,123,0,@jodieleighgo HAPPPPPYYYYYYY BIRTHDAAAAAAAYYYYYYYYüéâüéâüéâ I hope you‚Äôre feeling ‚Äú22‚Äù yes yes that was a Taylor swift referenceüòÇ
383,2018-10-28 02:36:17,2,0,Twitter for iPhone,117,1,I just want everyone to know I found someone today who loves Taylor Swift just as much as I do @wisconswift THANK GOD
384,2018-10-28 02:35:24,2,0,Twitter for iPhone,248,-1,"@vkuznetsova13 Just because it‚Äôs low in someone‚Äôs rankings doesn‚Äôt mean it‚Äôs not a masterpiece.

Red 10.000000
Speak Now 9.999999
1989 9.999998
Fearless 9.999997
reputation 9.999996
Taylor Swift 9.999995

*all ranking subject to change at any time."
385,2018-10-28 02:35:02,0,0,Twitter for Android,72,0,I got 11 out of 13! How do you measure up? üíÅüèΩ‚Äç‚ôÇÔ∏è https://t.co/u41y38AT70
386,2018-10-28 02:34:48,0,0,Twitter for Android,44,0,@WE_THE_BOYZ now playing: taylor swift - red
387,2018-10-28 02:34:37,2,0,Twitter for iPhone,265,-1,"Week 3: {this week}
1.  The monkees (15)
2. Kylie Minogue (18)
3. Green day (14)
4. Bob Dylan (13)
5. Britney Spears/Taylor Swift (12)
6. Avril/Lana Del Rey (11)
7. Hilary duff (9)
8. Herman‚Äôs hermits (6)
9. Alanis/Aly &amp; Aj/The Beatles (5)
10.Julia Michaels (4)"
388,2018-10-28 02:34:08,20,0,Twitter for iPhone,117,0,"Watching The Conjuring... 

The maid whispers ‚Äúlook what you made me do.‚Äù 

Toby whispers: ‚Äúit‚Äôs Taylor Swift!‚Äù 

ü§£ü§£ü§£"
389,2018-10-28 02:33:46,1,0,Twitter Web Client,204,1,"@JoshAWright @MikeyKrieger @Lakers @jvn @BetoORourke Yes, and it makes me so happy. Between him and Taylor Swift (laugh if you must), they can influence A LOT of young kids to go out and vote on Nov. 6th."
390,2018-10-28 02:33:27,0,0,Twitter for Android,106,0,"Justin Bieber, Taylor Swift These Are the Musicians Encouraging Their Fans to Vote https://t.co/TndhY4yCYn"
391,2018-10-28 02:32:58,0,0,Social Autopilots,97,1,"Incredible Things Taylor Swift By Taylor Swift Eau De Parfum Spray 1.7...
https://t.co/cyabAQcolY"
392,2018-10-28 02:32:40,0,0,Twitter for iPhone,73,0,Taylor swift in latinAmerica wait the bridge fell https://t.co/3rwAGWhlbx
393,2018-10-28 02:32:35,1,0,Twitter for iPhone,39,1,Tonight is a Taylor Swift kind of night
394,2018-10-28 02:32:11,2,0,Twitter for iPhone,103,1,@brimarie_13 Imma have to cancel our friendship subscription if I see one more thing about Taylor Swift
395,2018-10-28 02:30:58,0,0,Twitter for Android,68,0,these are lyrics to a 2008 taylor swift song https://t.co/peAZ32zWgu
396,2018-10-28 02:30:17,4,3,Twitter for iPhone,134,1,"Happy Birthday to The Best Taylor Swift Album Of All Time! Beautiful, Wonderful, Masterpiece. ‚ô•Ô∏è #4YeaesOf1989 https://t.co/uhrnyRbgCB"
397,2018-10-28 02:30:16,0,0,Radiologik DJ,54,0,Taylor Swift - Out Of The Woods (Cosmic Dawn Club Mix)
398,2018-10-28 02:29:57,1,0,Twitter for iPhone,44,0,blank space by taylor swift highkey slaps...
399,2018-10-28 02:29:15,0,0,Twitter for iPhone,230,-1,"Week 3: {all time}
1. Bob Dylan(101)
2. Kylie Minogue(80)
3. Green day/Monkees(59)
4. Taylor Swift(53)
5. Britney Spears(48)
6. Alanis Morissette(45)
7.Avril Lavigne(44)
8. Lana Del Rey(32)
9.Hermans hermits(28)
10.Hilary Duff(21)"
400,2018-10-28 02:29:00,0,0,Twitter for iPhone,109,0,Can I randomly just run into Taylor Swift or my favorite people like everyone else runs into them? Like dang.
401,2018-10-28 02:28:30,2,0,Twitter for iPhone,149,1,this time four years ago um hehe i started the ‚Äúchug! chug! chug!‚Äù chant while taylor swift chugged a beer and everyone joined in and she laughed :-)
402,2018-10-28 02:28:05,5,1,Twitter for iPhone,205,1,"YEEESSS like Classic 80s rock!! This was my moms favorite thing! I played the DVD tour and she was like ""this is a Taylor Swift song? It songs like an 80s rock band??"" #4Yearsof1989 https://t.co/U0fqjuvDM2"
403,2018-10-28 02:27:40,10,0,Twitter for iPhone,55,1,first taylor swift and now gab gets shut down what next
404,2018-10-28 02:27:19,0,0,Twitter Web Client,103,0,September - Recorded at The Tracking Room Nashville by Taylor Swift https://t.co/PPgIbOhfwj #NowPlaying
405,2018-10-28 02:26:55,0,0,Twitter Web Client,98,1,"Kevin Gates Rates Leonardo DiCaprio, Taylor Swift, and the Red Hot Chili Peppers | Over/Under ASMR"
406,2018-10-28 02:26:12,2,0,Twitter Web Client,148,0,@SoShameonMeow Uhhh but miss Taylor Swift wanted to hang out with you on jun 2nd and somehow that's everything? Guess it's your friend's loss anyway
407,2018-10-28 02:26:09,0,0,Twitter for Android,129,-1,"üíñüíïGiving up doesn't always mean your weaküòäsometimes your just strong enough to let go!üíûüòçüòò
-Taylor Swiftüíúüòª https://t.co/sHB3GH4IFp"
408,2018-10-28 02:25:04,4,17,Twitter for iPhone,102,1,"Taylor Swift looking so HD even in low quality wow üíÖüèª
#ARIAs #ARIAsTaylorSwift https://t.co/6M1yeobGZY"
409,2018-10-28 02:24:49,1,1,Twitter for iPhone,95,0,It‚Äôs not a party until I‚Äôm in the corner alone screaming about how I would die for Taylor Swift
410,2018-10-28 02:24:32,0,0,Twitter for iPhone,69,1,"1989 - taylor swift; 

- clean 
- out of the woods 
- you are in love"
411,2018-10-28 02:23:20,0,0,Twitter for Android,88,-1,@PopAlarms stream i did something bad &amp; getaway car by Taylor Swift the queen of pop
412,2018-10-28 02:23:19,0,0,Futuri - KEEY,125,-1,@BekahHearts1D BABE by SUGARLAND / TAYLOR SWIFT is playing in a few mins on K102 Listen &amp; Vote at https://t.co/P859b6Q8R3
413,2018-10-28 02:23:17,0,0,Facebook,144,1,Who wants to join our Listening Party? All tracks in all albums of Taylor Swift will be played accordingly. Calling all Catanduanes swifties! üíñüíñ
414,2018-10-28 02:23:08,1,0,Twitter for iPhone,107,-1,@Mercedesguera @VoteMarsha @PhilBredesen We Tennesseans could care less what Taylor Swift says!! Go Marsha!
415,2018-10-28 02:22:35,0,0,Twitter Web Client,58,0,all these snakes oof lemme pull up a Taylor Swift playlist
416,2018-10-28 02:22:30,2,0,Twitter for iPhone,74,-1,Taylor Swift didn‚Äôt have to snap as hard as she did with Shake It Off :(((
417,2018-10-28 02:21:51,0,0,Google,96,1,I liked a @YouTube video https://t.co/uwfn7X5hAo TAYLOR SWIFT KNOWS THAT THE END GAME IS NEAR...
418,2018-10-28 02:21:46,0,0,Twitter for Android,130,1,"Taylor Swift to Justin Bieber, These Are the Musicians Encouraging Their Fans to Vote..But NOT LEBRON...ok https://t.co/paFkSxHOiW"
419,2018-10-28 02:21:44,2,0,Twitter for iPhone,80,1,the 25 best taylor swift songs this is NOT up for debate https://t.co/1D8tBVaCMv
420,2018-10-28 02:21:24,0,0,Twitter for iPhone,194,1,my mum is so stressed about what she‚Äôs gonna wear to rep brisbane im like sis chill ur gonna look great regardless plus it‚Äôs a taylor swift concert so happiness will be radiating from every pore
421,2018-10-28 02:21:18,0,0,Twitter Web Client,68,1,@swiftsredIips me when someone mentions how much i like taylor swift
422,2018-10-28 02:21:16,0,0,Twitter for iPhone,45,0,@askmenfess You belong with me - taylor swift
423,2018-10-28 02:21:01,8,1,Radio King LiveTweet,115,1,Now Playing: I Don't Wanna Live Forever (Fifty Shades Darker) by ZAYN &amp; Taylor Swift at https://t.co/8k2zy9bhQ7
424,2018-10-28 02:21:00,0,0,swiftsayz,111,-1,...and write all the songs on my records. Don‚Äôt get me wrong; I‚Äôm thankful I get to be a singer.‚Äù -Taylor Swift
425,2018-10-28 02:20:43,0,0,twittbot.net,37,0,Taylor swift born at 13 December 1989
426,2018-10-28 02:20:37,14,0,Twitter Web Client,86,0,A Taylor Swift remix in the stadium for my guys @mikevorel and @EHansenNDI. #NDInsider
427,2018-10-28 02:20:26,0,0,Twitter Lite,47,0,@yourillus1onist You look like Taylor swift omg
428,2018-10-28 02:19:45,1,0,Twitter for Android,36,0,@Soonersgirl72 Is that taylor swift?
429,2018-10-28 02:19:36,0,0,Twitter for Android,61,-1,"Red : Taylor Swift
Blue: Bigbang 
Yellow: Coldplay
Black : GD"
430,2018-10-28 02:18:59,0,0,Twitter for iPhone,53,0,@cmilawiseong ; call it what you want - taylor swift.
431,2018-10-28 02:18:50,0,0,Twitter Web Client,114,1,"Listened to LRC Live: Taxes, tech and Taylor Swift from Left, Right &amp; Center @Stitcher https://t.co/4ylITaSCkm"
432,2018-10-28 02:18:28,0,0,Radio.co now playing,29,0,Taylor Swift - Wildest Dreams
433,2018-10-28 02:18:15,4,0,Twitter for iPhone,67,0,"taylor swift just hits different when ur old, bitter, and depressed"
434,2018-10-28 02:17:34,0,0,Twitter Web Client,47,0,Taylor Swift is shaking https://t.co/rAWouh88oe
435,2018-10-28 02:16:43,0,0,Twitter for iPhone,111,0,Also I walked in the bar and someone told me I looked like Taylor Swift so I guess that‚Äôs my next costume ü§∑üèº‚Äç‚ôÄÔ∏è
436,2018-10-28 02:16:40,0,0,Twitter for iPhone,100,0,Taylor Swift‚Äôs Fans Had Four Words For Her Endorsement Of Tennessee Democrat https://t.co/e3Bxdxlc1q
437,2018-10-28 02:16:14,0,0,istarafmapp,73,0,Look What You Made Me Do - Taylor Swift #NowPlaying #IstaraFM [09:16 wib]
438,2018-10-28 02:16:05,0,0,"Cheap Bots, Done Quick!",140,1,"I would like recommend Dear John by my favourite album Taylor Swift, and she cooperated with Colbie Caillat, like I Don't Wanna Live Forever"
439,2018-10-28 02:15:50,0,0,twittbot.net,66,1,"#MTVHottest Taylor Swift

she is perfect ##MTVHottest Taylor Swift"
440,2018-10-28 02:15:40,0,0,Twitter for iPhone,138,1,"@foreverbbooyy @BhadFhattie Sees Janelle monae
Me: okay I‚Äôll retweet
Notices Taylor Swift isn‚Äôt mentioned once 
Me:Well never fucking mind"
441,2018-10-28 02:14:56,2,0,Twitter for iPhone,61,1,@myidoltswift taylor swift literally wrote gorgeous about you
442,2018-10-28 02:14:42,3,1,Twitter for Android,66,-1,Sad beautiful Tragic by Taylor Swift ‚ô°‚ô°‚ô°‚ô°‚ô° https://t.co/4AL67oA5tz
443,2018-10-28 02:14:28,0,0,Twitter for iPhone,171,1,"Hands down my favorite avenger is iron man. Not only, because his initials are T.S which also stands for Taylor swift. Ok maybe it‚Äôs cause of that... sue me @taylorswift13"
444,2018-10-28 02:14:25,3,0,Curious Cat,123,1,"Are you free? Why? ‚Äî ‚ÄúWe're happy, free, confused, and lonely at the same time.‚Äù ‚Äî Taylor Swift, 22 https://t.co/0WIG9PFp7I"
445,2018-10-28 02:14:03,2,0,Twitter for iPhone,97,0,@hsitkie just claimed that Taylor Swift‚Äôs recent album is about snakes and gays and I AM OFFENDED
446,2018-10-28 02:13:29,1,0,Twitter for iPhone,36,0,Taylor Swift https://t.co/6tebGrQdwi
447,2018-10-28 02:12:54,1,0,Twitter for iPhone,66,1,even the game knows i love taylor swift :) https://t.co/ERy5Wrds8W
448,2018-10-28 02:12:36,0,0,Twitter for iPhone,142,-1,It is fucking 3 am and I am listening to Taylor Swift ‚Äòs Style and god this song fits too well with the motorbike boy jongdae or jongin... üôÉüôÉüôÉ
449,2018-10-28 02:12:25,0,0,twittbot.net,91,1,I knew from the first note played I'd be breaking all my rules to see you - Taylor Swift(S)
450,2018-10-28 02:11:56,0,0,Twitter for Android,52,1,King Of My Heart by Taylor Swift is such a good song
451,2018-10-28 02:11:06,1,0,Twitter for iPhone,118,0,@SoSofieFatale @matthewjdowd What happened when Taylor Swift tried to make a difference. Boy did she ever.  üòÇ #RedWave
452,2018-10-28 02:10:54,1,0,Twitter for iPhone,40,0,"idc what anyone says, taylor swift slaps"
453,2018-10-28 02:10:36,1,0,Twitter for iPhone,74,1,My cousin goes ‚Äúso are you gunna be Taylor swift for Halloween again‚Äù haha
454,2018-10-28 02:10:10,1,0,Twitter for iPhone,120,0,"here are multiple reasons to be thankful harry styles and taylor swift dated
ü§óü§óü§óü§ó

#4YearsOf1989 https://t.co/WSeVU6fFkO"
455,2018-10-28 02:09:44,0,0,Twitter for Android,161,1,"Taylor Swift to Justin Bieber, These Are the Musicians Encouraging Their Fans to Vote..
BUT LeBron cant wear a hat..OK THATS ALL R(WHITE) https://t.co/ihafbG55OO"
456,2018-10-28 02:09:02,0,0,Instagram,210,1,"#CelebrityVoteChallenge

Taylor Swift used her celebrity and social media to speak directly to her fans and the American public about voting in this year‚Äôs midterm elections. She made a‚Ä¶ https://t.co/E33xtQZyYp"
457,2018-10-28 02:08:59,0,0,Twitter Web Client,77,0,Ina Garten dishes on her friendship with Taylor Swift https://t.co/mSaYv19vxF
458,2018-10-28 02:08:35,2,1,Twitter for iPhone,44,0,Taylor swift is the Madonna of my generation
459,2018-10-28 02:08:26,5,1,Twitter for Android,169,-1,Please report this video on @YouTube!! The video is misleading and they hate Taylor Swift!! @taylornation13 @treepaine @youtubemusic @TeamYouTube https://t.co/8JwSrZYD4a
460,2018-10-28 02:08:20,0,0,Twitter for iPhone,94,0,speak now &gt; red &gt;&gt; fearless = taylor swift = reputation &gt;&gt;&gt;&gt;&gt;&gt; 1989
461,2018-10-28 02:08:05,0,0,Twitter for Android,85,0,"@PopAlarms Taylor legend, we stan. Stream reputation by the queen of pop Taylor Swift"
462,2018-10-28 02:08:04,0,1,Twitter for iPhone,139,0,Too obsess with celebrity in this country. Taylor swift caused thousands of people to register to vote as democrats https://t.co/FtrwdnsBud
463,2018-10-28 02:07:17,0,0,Twitter for iPhone,81,-1,@lit_late I'd rather go to hell if i gotta hear Taylor can't sing swift in heaven
464,2018-10-28 02:06:31,0,0,WordPress.com,73,1,Live Review: Taylor¬†Swift https://t.co/ht2iyIeTm6 https://t.co/FtXkXMxw7p
465,2018-10-28 02:05:48,0,0,Postingly,125,0,"Wonderstruck Taylor Swift By Taylor Swift Eau De Parfum Spray .5 Oz USD 18.75
https://t.co/32OghczW8g https://t.co/D9KPHotid3"
466,2018-10-28 02:05:37,1,0,Twitter for iPhone,34,0,Taylor swift please sit on my face
467,2018-10-28 02:05:34,0,0,Twitter Web Client,96,0,"Kygo, Taylor Swift style‚îÇKing CAAN - Go Again (feat. ELYSA) https://t.co/Zidt4BO4Za via @YouTube"
468,2018-10-28 02:05:24,0,0,twittbot.net,117,1,"‚ÄúThe way you walk, way you talk, way you say my name; it's beautiful, wonderful, don't you ever change.‚Äù-Taylor Swift"
469,2018-10-28 02:05:14,0,0,Jota.fm,132,1,"beatriz's top 7 artists this week: T-ARA (57), BLACKPINK (20), IU (15), Taylor Swift (14), TWICE (14), A Pink (13), Exo (11) #jotafm"
470,2018-10-28 02:05:11,4,0,Twitter for iPhone,91,1,my icon is really a picture of taylor swift...and me? how? and why? https://t.co/lQ2cbXC2rF
471,2018-10-28 02:04:59,0,0,Twitter for iPhone,47,1,can i meet taylor swift before i‚Äôm a old hag? üò©
472,2018-10-28 02:04:53,0,0,Twitter for Android,136,1,The only real difference between the people who are my friends and the people who aren't is that my friends don't listen to taylor swift
473,2018-10-28 02:04:47,0,0,Jota.fm,136,1,"renan's top 5 artists this week: Ashlee Simpson (42), Avril Lavigne (32), Hilary Duff (32), Taylor Swift (23), Shawn Mendes (21) #jotafm"
474,2018-10-28 02:04:40,0,0,Jota.fm,133,1,"gabriel's top 5 artists this week: Shawn Mendes (49), Taylor Swift (39), Dua Lipa (36), Lauren Jauregui (23), Red Velvet (19) #jotafm"
475,2018-10-28 02:04:15,0,0,Jota.fm,135,0,"hot6: Taylor Swift (134), Shakira (89), Gwen Stefani (31), James Bay (25), David Bowie (24), Kacey Musgraves (24) #mateuscharts #jotafm"
476,2018-10-28 02:04:15,0,0,Jota.fm,130,1,"laura's top 5 artists this week: Taylor Swift (58), Shawn Mendes (24), Ariana Grande (15), Lady Gaga (13), Little Mix (11) #jotafm"
477,2018-10-28 02:04:00,0,0,Twitter for Android,137,-1,"Is it just me or it's just really weird when people say ""taylor swift"" every single time they mention taylor like https://t.co/3n430M6CEP"
478,2018-10-28 02:03:56,0,0,Jota.fm,127,1,"Felipe Silva's top 4 artists this week: Taylor Swift (31), Ariana Grande (29), Carly Rae Jepsen (16), Lana Del Rey (14) #jotafm"
479,2018-10-28 02:03:56,0,0,Twitter for iPhone,27,0,This is about Taylor Swift.
480,2018-10-28 02:03:49,0,0,Jota.fm,126,1,"vitu's top 5 artists this week: Ariana Grande (29), Melim (12), Pabllo Vittar (9), Justin Bieber (5), Taylor Swift (4) #jotafm"
481,2018-10-28 02:03:39,0,0,Jota.fm,122,1,"cast's top 5 artists this week: Khalid (44), Makalister (18), Taylor Swift (18), Froid (17), Um Barril De Rap (16) #jotafm"
482,2018-10-28 02:03:30,0,0,Google,134,1,I added a video to a @YouTube playlist https://t.co/quw7fPMLRN LOOK WHAT YOU MADE ME BREW - A Disney Villains /Taylor Swift Unexpected
483,2018-10-28 02:03:05,4,0,Twitter for iPhone,223,1,"remember when i tweeted taylor asking her to sing this love, and then she sang it the next day, then sang the lucky one the next day after i requested that????? miss swift either lurked my account or it was just plain luck."
484,2018-10-28 02:02:12,0,0,Jota.fm,124,1,"bruno's top 5 artists this week: Taylor Swift (81), Ella Mai (55), Ariana Grande (52), Little Mix (38), Rihanna (28) #jotafm"
485,2018-10-28 02:01:53,0,0,Jota.fm,132,1,"gobrieu top 6 artists this week: M√ò (61), Cher (18), Andrea Bocelli (15), Lady Gaga (13), Taylor Swift (13), Ed Sheeran (10) #jotafm"
486,2018-10-28 02:01:44,1,0,Jota.fm,138,1,"Eric Stival's top 6 artists this week: Lady Gaga (245), Bradley Cooper (42), SZA (20), Kid Cudi (16), Ke$ha (13), Taylor Swift (7) #jotafm"
487,2018-10-28 02:01:21,0,0,Jota.fm,136,1,"Top 7 desta semana: Ellie Goulding (21), Dua Lipa (6), Khalid (5), Maroon 5 (5), Troye Sivan (5), Taylor Swift (4), Coldplay (3) #jotafm"
488,2018-10-28 02:00:41,2,0,Twitter for iPad,108,0,"i need mutuals ‚ú®
‚Ä¢kathniel - kathniels
‚Ä¢blackpink - blinks
‚Ä¢bts - armys
‚Ä¢taylor swift - swifties

‚òπÔ∏è‚òπÔ∏è‚òπÔ∏è‚òπÔ∏è‚òπÔ∏è"
489,2018-10-28 02:00:27,0,0,twittbot.net,122,0,‚ÄúIt can be heartbreaking when you find out that your fairytale image of the world doesn't match the reality.‚Äù-Taylor Swift
490,2018-10-28 01:59:06,0,0,Twitter for iPhone,95,0,"we only like taylor swift pre RED ,, we stopped claiming her after that https://t.co/dtEH5Dj2Xl"
491,2018-10-28 01:58:56,4,0,TweetDeck,100,1,taylor swift really snapped on camilla belle huh. joe jonas ain't worth all this but my she went off
492,2018-10-28 01:58:01,0,0,swiftsayz,112,1,"Dear Taylor Swift, thank you for teaching us that there's more to life than dating the boy on the football team."
493,2018-10-28 01:58:00,0,0,Twitter for iPhone,329,-1,"@theRealTavarish @TheSmokingTire @ChapGebassi @ZackKlapman Let put it this way. If tomorrow Taylor Swift says I hate woman with really big boobs and then a super megan fan of her start sending bombs to big boobs ladies, TS doesn‚Äôt have any responsibility at all? Her super mega fan was crazy already but she just needed a lighter"
494,2018-10-28 01:57:55,0,0,Twitter Web Client,116,1,"@1helpamerica Bette Midler, Jim Carrey, Robert Deniro, Taylor Swift, Willie Nelson, and more
https://t.co/pyOEFoQwvw"
495,2018-10-28 01:57:51,0,0,Twitter Web Client,73,-1,"taylor swift quando pedem getaway car como single
https://t.co/Bi9SwMCHtK"
496,2018-10-28 01:57:31,0,0,Twitter for iPhone,106,0,What do you guys think would happen to me if Taylor Swift invited me to her house? https://t.co/Gm2pVQ6PRP
